Title,Difficulty,Level,Chart Constant,Score,Note Count,PM Rating,Play Rating,Play Potential
Fairytale,PST,1,1.0,0,336,-,-,0
Fairytale,PRS,3,3.5,0,511,-,-,0
Fairytale,FTR,7,7.0,0,782,-,-,0
Fairytale,BYD,9,9.5,0,932,-,-,0
Sayonara Hatsukoi,PST,1,1.5,0,205,-,-,0
Sayonara Hatsukoi,PRS,4,4.5,0,305,-,-,0
Sayonara Hatsukoi,FTR,7,7.0,0,666,-,-,0
Sayonara Hatsukoi,ETR,8,8.5,0,728,-,-,0
Vexaria,PST,2,2.5,0,369,-,-,0
Vexaria,PRS,5,5.0,0,534,-,-,0
Vexaria,FTR,7,7.0,0,734,-,-,0
Vexaria,BYD,9,9.0,0,785,-,-,0
Rise,PST,2,2.5,0,322,-,-,0
Rise,PRS,4,4.0,0,599,-,-,0
Rise,FTR,7+,7.8,0,788,-,-,0
Babaroque,PST,3,3.0,0,402,-,-,0
Babaroque,PRS,6,6.5,0,645,-,-,0
Babaroque,FTR,8,8.5,0,808,-,-,0
Lucifer,PST,3,3.5,0,424,-,-,0
Lucifer,PRS,5,5.5,0,506,-,-,0
Lucifer,FTR,8,8.2,0,861,-,-,0
Shades of Light in a Transcendent Realm,PST,3,3.0,0,517,-,-,0
Shades of Light in a Transcendent Realm,PRS,6,6.0,0,789,-,-,0
Shades of Light in a Transcendent Realm,FTR,8,8.3,0,1067,-,-,0
Shades of Light in a Transcendent Realm,BYD,9,9.1,0,1042,-,-,0
Snow White,PST,2,2.5,0,486,-,-,0
Snow White,PRS,5,5.0,0,672,-,-,0
Snow White,FTR,8,8.4,0,978,-,-,0
GOODTEK (Arcaea Edit),PST,4,4.0,0,449,-,-,0
GOODTEK (Arcaea Edit),PRS,6,6.5,0,632,-,-,0
GOODTEK (Arcaea Edit),FTR,9,9.3,0,968,-,-,0
GOODTEK (Arcaea Edit),BYD,9+,9.8,0,1103,-,-,0
Lost Civilization,PST,4,4.0,0,462,-,-,0
Lost Civilization,PRS,7,7.0,0,690,-,-,0
Lost Civilization,FTR,9,9.2,0,986,-,-,0
Lost Civilization,BYD,9+,9.8,0,1061,-,-,0
I've heard it said,PST,3,3.5,0,510,-,-,0
I've heard it said,PRS,6,6.0,0,664,-,-,0
I've heard it said,FTR,8,8.1,0,864,-,-,0
Lumia,PST,2,2.5,0,469,-,-,0
Lumia,PRS,5,5.5,0,438,-,-,0
Lumia,FTR,8,8.4,0,961,-,-,0
Lumia,BYD,9,9.5,0,814,-,-,0
Relentless,PST,4,4.5,0,607,-,-,0
Relentless,PRS,6,6.5,0,722,-,-,0
Relentless,FTR,8,8.0,0,1015,-,-,0
cry of viyella,PST,3,3.5,0,414,-,-,0
cry of viyella,PRS,6,6.0,0,492,-,-,0
cry of viyella,FTR,8+,8.7,0,791,-,-,0
memoryfactory.lzh,PST,2,2.5,0,308,-,-,0
memoryfactory.lzh,PRS,5,5.5,0,448,-,-,0
memoryfactory.lzh,FTR,8+,8.9,0,672,-,-,0
Essence of Twilight,PST,4,4.5,0,556,-,-,0
Essence of Twilight,PRS,7,7.0,0,767,-,-,0
Essence of Twilight,FTR,9,9.1,0,1204,-,-,0
PRAGMATISM,PST,4,4.5,0,476,-,-,0
PRAGMATISM,PRS,8,8.6,0,855,-,-,0
PRAGMATISM,FTR,10,10.1,0,942,-,-,0
Sheriruth,PST,5,5.5,0,611,-,-,0
Sheriruth,PRS,7,7.5,0,832,-,-,0
Sheriruth,FTR,10,10.0,0,1151,-,-,0
qualia -ideaesthesia-,PST,4,4.5,0,550,-,-,0
qualia -ideaesthesia-,PRS,7,7.0,0,875,-,-,0
qualia -ideaesthesia-,FTR,9,9.1,0,1022,-,-,0
qualia -ideaesthesia-,BYD,9+,9.8,0,1288,-,-,0
Dement ~after legend~,PST,3,3.5,0,548,-,-,0
Dement ~after legend~,PRS,6,6.0,0,756,-,-,0
Dement ~after legend~,FTR,7+,7.8,0,970,-,-,0
Dement ~after legend~,BYD,9+,9.9,0,1040,-,-,0
Dandelion,PST,2,2.5,0,391,-,-,0
Dandelion,PRS,6,6.0,0,698,-,-,0
Dandelion,FTR,8,8.5,0,921,-,-,0
Infinity Heaven,PST,1,1.5,0,336,-,-,0
Infinity Heaven,PRS,5,5.5,0,545,-,-,0
Infinity Heaven,FTR,7+,7.8,0,853,-,-,0
Infinity Heaven,BYD,9,9.6,0,986,-,-,0
Anökumene,PST,2,2.5,0,412,-,-,0
Anökumene,PRS,6,6.5,0,588,-,-,0
Anökumene,FTR,9,9.2,0,851,-,-,0
Paradise,PST,1,1.0,0,253,-,-,0
Paradise,PRS,4,4.0,0,349,-,-,0
Paradise,FTR,7+,7.8,0,729,-,-,0
Flashback,PST,2,2.0,0,356,-,-,0
Flashback,PRS,5,5.0,0,488,-,-,0
Flashback,FTR,8+,8.9,0,856,-,-,0
Flyburg and Endroll,PST,3,3.0,0,413,-,-,0
Flyburg and Endroll,PRS,6,6.0,0,650,-,-,0
Flyburg and Endroll,FTR,9,9.0,0,930,-,-,0
Party Vinyl,PST,4,4.0,0,337,-,-,0
Party Vinyl,PRS,7+,7.8,0,543,-,-,0
Party Vinyl,FTR,9,9.4,0,800,-,-,0
Party Vinyl,BYD,10,10.3,0,946,-,-,0
Nirv lucE,PST,2,2.5,0,297,-,-,0
Nirv lucE,PRS,7,7.0,0,547,-,-,0
Nirv lucE,FTR,10,10.2,0,980,-,-,0
Brand new world,PST,2,2.0,0,322,-,-,0
Brand new world,PRS,4,4.0,0,432,-,-,0
Brand new world,FTR,7+,7.8,0,787,-,-,0
Chronostasis,PST,3,3.5,0,619,-,-,0
Chronostasis,PRS,7,7.5,0,812,-,-,0
Chronostasis,FTR,8+,8.9,0,916,-,-,0
Kanagawa Cyber Culvert,PST,1,1.0,0,375,-,-,0
Kanagawa Cyber Culvert,PRS,5,5.5,0,707,-,-,0
Kanagawa Cyber Culvert,FTR,9,9.0,0,1111,-,-,0
Kanagawa Cyber Culvert,BYD,9+,9.8,0,1121,-,-,0
CROSS†SOUL,PST,4,4.0,0,606,-,-,0
CROSS†SOUL,PRS,7,7.0,0,823,-,-,0
CROSS†SOUL,FTR,9,9.4,0,1081,-,-,0
DataErr0r,PST,3,3.0,0,502,-,-,0
DataErr0r,PRS,7,7.0,0,785,-,-,0
DataErr0r,FTR,9,9.5,0,955,-,-,0
Your voice so... feat. Such,PST,3,3.5,0,469,-,-,0
Your voice so... feat. Such,PRS,6,6.5,0,677,-,-,0
Your voice so... feat. Such,FTR,9,9.4,0,1013,-,-,0
Moonlight of Sand Castle,PST,1,1.5,0,418,-,-,0
Moonlight of Sand Castle,PRS,5,5.0,0,394,-,-,0
Moonlight of Sand Castle,FTR,7+,7.8,0,645,-,-,0
REconstruction,PST,2,2.5,0,347,-,-,0
REconstruction,PRS,6,6.0,0,469,-,-,0
REconstruction,FTR,8,8.4,0,825,-,-,0
Evoltex (poppi'n mix),PST,2,2.0,0,297,-,-,0
Evoltex (poppi'n mix),PRS,7,7.0,0,627,-,-,0
Evoltex (poppi'n mix),FTR,8+,8.9,0,775,-,-,0
Oracle,PST,3,3.0,0,425,-,-,0
Oracle,PRS,5,5.5,0,508,-,-,0
Oracle,FTR,9,9.3,0,963,-,-,0
αterlβus,PST,4,4.0,0,505,-,-,0
αterlβus,PRS,7,7.5,0,668,-,-,0
αterlβus,FTR,10,10.2,0,1030,-,-,0
Clotho and the stargazer,PST,2,2.0,0,519,-,-,0
Clotho and the stargazer,PRS,5,5.0,0,745,-,-,0
Clotho and the stargazer,FTR,7+,7.8,0,1021,-,-,0
Clotho and the stargazer,ETR,8+,8.8,0,1031,-,-,0
Ignotus,PST,3,3.5,0,579,-,-,0
Ignotus,PRS,6,6.5,0,809,-,-,0
Ignotus,FTR,9,9.3,0,1225,-,-,0
Impure Bird,PST,2,2.0,0,350,-,-,0
Impure Bird,PRS,5,5.5,0,518,-,-,0
Impure Bird,FTR,9,9.4,0,805,-,-,0
Blossoms,PST,1,1.0,0,275,-,-,0
Blossoms,PRS,4,4.0,0,383,-,-,0
Blossoms,FTR,7,7.0,0,655,-,-,0
Romance Wars,PST,1,1.0,0,423,-,-,0
Romance Wars,PRS,4,4.0,0,378,-,-,0
Romance Wars,FTR,7+,7.8,0,641,-,-,0
Genesis (Iris),PST,2,2.0,0,275,-,-,0
Genesis (Iris),PRS,5,5.5,0,399,-,-,0
Genesis (Iris),FTR,8,8.2,0,713,-,-,0
Moonheart,PST,2,2.5,0,449,-,-,0
Moonheart,PRS,5,5.5,0,566,-,-,0
Moonheart,FTR,8,8.4,0,947,-,-,0
Moonheart,BYD,9+,9.7,0,1139,-,-,0
Lethaeus,PST,3,3.5,0,480,-,-,0
Lethaeus,PRS,6,6.5,0,717,-,-,0
Lethaeus,FTR,9+,9.7,0,900,-,-,0
Harutopia ~Utopia of Spring~,PST,1,1.0,0,444,-,-,0
Harutopia ~Utopia of Spring~,PRS,4,4.5,0,706,-,-,0
Harutopia ~Utopia of Spring~,FTR,8,8.5,0,1061,-,-,0
Auxesia,PST,3,3.5,0,385,-,-,0
Auxesia,PRS,6,6.5,0,648,-,-,0
Auxesia,FTR,9,9.3,0,1000,-,-,0
Rabbit In The Black Room,PST,2,2.5,0,373,-,-,0
Rabbit In The Black Room,PRS,5,5.5,0,467,-,-,0
Rabbit In The Black Room,FTR,8,8.4,0,772,-,-,0
Modelista,PST,3,3.5,0,418,-,-,0
Modelista,PRS,7,7.5,0,691,-,-,0
Modelista,FTR,9+,9.9,0,1010,-,-,0
Iconoclast,PST,4,4.0,0,443,-,-,0
Iconoclast,PRS,7,7.0,0,593,-,-,0
Iconoclast,FTR,9,9.1,0,795,-,-,0
SOUNDWiTCH,PST,3,3.5,0,315,-,-,0
SOUNDWiTCH,PRS,6,6.5,0,488,-,-,0
SOUNDWiTCH,FTR,9+,9.8,0,785,-,-,0
trappola bewitching,PST,3,3.0,0,415,-,-,0
trappola bewitching,PRS,6,6.0,0,541,-,-,0
trappola bewitching,FTR,9+,9.9,0,1044,-,-,0
trappola bewitching,BYD,10,10.6,0,1086,-,-,0
conflict,PST,4,4.5,0,520,-,-,0
conflict,PRS,7,7.5,0,731,-,-,0
conflict,FTR,10,10.2,0,1056,-,-,0
Axium Crisis,PST,5,5.5,0,685,-,-,0
Axium Crisis,PRS,8,8.5,0,1065,-,-,0
Axium Crisis,FTR,10,10.6,0,1094,-,-,0
Grievous Lady,PST,6,6.5,0,956,-,-,0
Grievous Lady,PRS,9,9.3,0,1194,-,-,0
Grievous Lady,FTR,11,11.1,0,1450,-,-,0
One Last Drive,PST,2,2.5,0,604,-,-,0
One Last Drive,PRS,5,5.5,0,564,-,-,0
One Last Drive,FTR,8,8.2,0,885,-,-,0
Dreamin' Attraction!!,PST,4,4.5,0,592,-,-,0
Dreamin' Attraction!!,PRS,7,7.0,0,785,-,-,0
Dreamin' Attraction!!,FTR,9,9.4,0,1129,-,-,0
Red and Blue,PST,4,4.0,0,464,-,-,0
Red and Blue,PRS,7+,7.8,0,597,-,-,0
Red and Blue,FTR,9,9.4,0,845,-,-,0
Surrender,PST,3,3.0,0,550,-,-,0
Surrender,PRS,6,6.5,0,721,-,-,0
Surrender,FTR,8+,8.8,0,925,-,-,0
Yosakura Fubuki,PST,4,4.5,0,416,-,-,0
Yosakura Fubuki,PRS,7,7.0,0,582,-,-,0
Yosakura Fubuki,FTR,9,9.4,0,931,-,-,0
Reinvent,PST,2,2.5,0,570,-,-,0
Reinvent,PRS,6,6.5,0,703,-,-,0
Reinvent,FTR,8,8.5,0,852,-,-,0
Syro,PST,3,3.5,0,535,-,-,0
Syro,PRS,6,6.5,0,829,-,-,0
Syro,FTR,9,9.3,0,1150,-,-,0
Dream goes on,PST,1,1.5,0,532,-,-,0
Dream goes on,PRS,5,5.0,0,751,-,-,0
Dream goes on,FTR,7+,7.8,0,719,-,-,0
Journey,PST,3,3.0,0,551,-,-,0
Journey,PRS,6,6.0,0,778,-,-,0
Journey,FTR,9,9.1,0,997,-,-,0
Quon (Feryquitous),PST,4,4.0,0,547,-,-,0
Quon (Feryquitous),PRS,6,6.5,0,718,-,-,0
Quon (Feryquitous),FTR,9,9.6,0,991,-,-,0
Specta,PST,3,3.5,0,390,-,-,0
Specta,PRS,6,6.5,0,706,-,-,0
Specta,FTR,9,9.4,0,1096,-,-,0
cyanine,PST,4,4.0,0,661,-,-,0
cyanine,PRS,7+,7.8,0,947,-,-,0
cyanine,FTR,10,10.6,0,1171,-,-,0
Metallic Punisher,PST,3,3.0,0,500,-,-,0
Metallic Punisher,PRS,7,7.0,0,846,-,-,0
Metallic Punisher,FTR,10,10.3,0,1238,-,-,0
Blaster,PST,4,4.0,0,571,-,-,0
Blaster,PRS,7,7.0,0,635,-,-,0
Blaster,FTR,9,9.3,0,1002,-,-,0
Silent Rush,PST,2,2.5,0,416,-,-,0
Silent Rush,PRS,5,5.0,0,674,-,-,0
Silent Rush,FTR,8,8.6,0,941,-,-,0
next to you,PST,4,4.5,0,454,-,-,0
next to you,PRS,7,7.0,0,583,-,-,0
next to you,FTR,8+,8.8,0,824,-,-,0
next to you,BYD,9,9.6,0,954,-,-,0
Strongholds,PST,2,2.5,0,570,-,-,0
Strongholds,PRS,5,5.0,0,778,-,-,0
Strongholds,FTR,9,9.2,0,922,-,-,0
Memory Forest,PST,3,3.5,0,639,-,-,0
Memory Forest,PRS,6,6.0,0,726,-,-,0
Memory Forest,FTR,9+,9.8,0,978,-,-,0
Singularity,PST,4,4.5,0,534,-,-,0
Singularity,PRS,7+,7.8,0,678,-,-,0
Singularity,FTR,10,10.5,0,1105,-,-,0
Ignotus Afterburn,BYD,9+,9.9,0,1077,-,-,0
carmine:scythe,PST,4,4.0,0,493,-,-,0
carmine:scythe,PRS,7+,7.8,0,710,-,-,0
carmine:scythe,FTR,9,9.6,0,1164,-,-,0
γuarδina,PST,4,4.0,0,507,-,-,0
γuarδina,PRS,8,8.0,0,678,-,-,0
γuarδina,FTR,10,10.4,0,1120,-,-,0
Cybernecia Catharsis,PST,4,4.0,0,377,-,-,0
Cybernecia Catharsis,PRS,7,7.0,0,655,-,-,0
Cybernecia Catharsis,FTR,9,9.5,0,946,-,-,0
Cybernecia Catharsis,BYD,9+,9.8,0,991,-,-,0
Be There,PST,4,4.0,0,592,-,-,0
Be There,PRS,7,7.5,0,792,-,-,0
Be There,FTR,9,9.4,0,982,-,-,0
inkar-usi,PST,2,2.0,0,276,-,-,0
inkar-usi,PRS,4,4.0,0,326,-,-,0
inkar-usi,FTR,7+,7.8,0,463,-,-,0
inkar-usi,BYD,9,9.4,0,857,-,-,0
Call My Name feat. Yukacco,PST,3,3.5,0,591,-,-,0
Call My Name feat. Yukacco,PRS,6,6.0,0,653,-,-,0
Call My Name feat. Yukacco,FTR,8+,8.7,0,921,-,-,0
Maze No.9,PST,3,3.0,0,494,-,-,0
Maze No.9,PRS,3,3.5,0,445,-,-,0
Maze No.9,FTR,8+,8.9,0,775,-,-,0
Sulfur,PST,4,4.0,0,458,-,-,0
Sulfur,PRS,6,6.0,0,608,-,-,0
Sulfur,FTR,9+,9.7,0,1045,-,-,0
The Message,PST,3,3.0,0,536,-,-,0
The Message,PRS,6,6.5,0,630,-,-,0
The Message,FTR,9+,9.7,0,992,-,-,0
Halcyon,PST,5,5.5,0,662,-,-,0
Halcyon,PRS,8,8.2,0,943,-,-,0
Halcyon,FTR,10,10.5,0,1227,-,-,0
Ether Strike,PST,5,5.5,0,659,-,-,0
Ether Strike,PRS,8,8.3,0,837,-,-,0
Ether Strike,FTR,10,10.3,0,1170,-,-,0
Fracture Ray,PST,6,6.0,0,983,-,-,0
Fracture Ray,PRS,9,9.5,0,1343,-,-,0
Fracture Ray,FTR,11,11.1,0,1279,-,-,0
Suomi,PST,2,2.0,0,368,-,-,0
Suomi,PRS,5,5.0,0,550,-,-,0
Suomi,FTR,7+,7.8,0,818,-,-,0
Suomi,ETR,8+,8.9,0,732,-,-,0
Bookmaker (2D Version),PST,4,4.5,0,538,-,-,0
Bookmaker (2D Version),PRS,6,6.5,0,728,-,-,0
Bookmaker (2D Version),FTR,8,8.3,0,1124,-,-,0
Bookmaker (2D Version),BYD,10,10.0,0,1287,-,-,0
Illegal Paradise,PST,2,2.0,0,535,-,-,0
Illegal Paradise,PRS,7,7.0,0,585,-,-,0
Illegal Paradise,FTR,9,9.5,0,1061,-,-,0
Nhelv,PST,3,3.0,0,647,-,-,0
Nhelv,PRS,6,6.5,0,913,-,-,0
Nhelv,FTR,9+,9.9,0,1108,-,-,0
dropdead,PST,1,1.5,0,44,-,-,0
dropdead,PRS,9,9.5,0,1323,-,-,0
dropdead,FTR,8+,9.1,0,823,-,-,0
Fallensquare,PST,3,3.0,0,316,-,-,0
Fallensquare,PRS,7,7.5,0,486,-,-,0
Fallensquare,FTR,9+,9.7,0,703,-,-,0
LunarOrbit -believe in the Espebranch road-,PST,3,3.5,0,624,-,-,0
LunarOrbit -believe in the Espebranch road-,PRS,6,6.0,0,757,-,-,0
LunarOrbit -believe in the Espebranch road-,FTR,9,9.6,0,1058,-,-,0
Purgatorium,PST,2,2.5,0,609,-,-,0
Purgatorium,PRS,6,6.0,0,641,-,-,0
Purgatorium,FTR,8,8.4,0,983,-,-,0
Purgatorium,BYD,9,9.6,0,1051,-,-,0
Alexandrite,PST,4,4.5,0,507,-,-,0
Alexandrite,PRS,7,7.5,0,699,-,-,0
Alexandrite,FTR,10,10.0,0,1040,-,-,0
Hall of Mirrors,PST,3,3.0,0,535,-,-,0
Hall of Mirrors,PRS,5,5.5,0,553,-,-,0
Hall of Mirrors,FTR,8,8.2,0,898,-,-,0
Hikari,PST,2,2.5,0,237,-,-,0
Hikari,PRS,6,6.0,0,450,-,-,0
Hikari,FTR,8,8.1,0,684,-,-,0
STAGER (ALL STAGE CLEAR),PST,3,3.0,0,453,-,-,0
STAGER (ALL STAGE CLEAR),PRS,6,6.5,0,559,-,-,0
STAGER (ALL STAGE CLEAR),FTR,9,9.5,0,1004,-,-,0
Linear Accelerator,PST,2,2.5,0,438,-,-,0
Linear Accelerator,PRS,6,6.5,0,488,-,-,0
Linear Accelerator,FTR,9+,9.8,0,905,-,-,0
Tiferet,PST,4,4.5,0,450,-,-,0
Tiferet,PRS,7+,7.8,0,720,-,-,0
Tiferet,FTR,10,10.3,0,1086,-,-,0
Rugie,PST,3,3.0,0,566,-,-,0
Rugie,PRS,6,6.0,0,754,-,-,0
Rugie,FTR,9,9.2,0,975,-,-,0
Astral tale,PST,4,4.5,0,445,-,-,0
Astral tale,PRS,7,7.0,0,642,-,-,0
Astral tale,FTR,9,9.6,0,884,-,-,0
Phantasia,PST,4,4.0,0,544,-,-,0
Phantasia,PRS,5,5.5,0,579,-,-,0
Phantasia,FTR,9,9.2,0,952,-,-,0
Empire of Winter,PST,3,3.5,0,484,-,-,0
Empire of Winter,PRS,6,6.5,0,662,-,-,0
Empire of Winter,FTR,9,9.1,0,920,-,-,0
MERLIN,PST,3,3.0,0,315,-,-,0
MERLIN,PRS,5,5.5,0,428,-,-,0
MERLIN,FTR,8+,8.9,0,712,-,-,0
MERLIN,BYD,9,9.4,0,881,-,-,0
OMAKENO Stroke,PST,3,3.0,0,502,-,-,0
OMAKENO Stroke,PRS,6,6.5,0,616,-,-,0
OMAKENO Stroke,FTR,9,9.5,0,869,-,-,0
OMAKENO Stroke,BYD,10,10.3,0,931,-,-,0
DX Choseinou Full Metal Shojo,PST,3,3.0,0,327,-,-,0
DX Choseinou Full Metal Shojo,PRS,6,6.0,0,556,-,-,0
DX Choseinou Full Metal Shojo,FTR,9+,9.7,0,808,-,-,0
Scarlet Lance,PST,4,4.0,0,517,-,-,0
Scarlet Lance,PRS,7,7.0,0,644,-,-,0
Scarlet Lance,FTR,10,10.0,0,1130,-,-,0
ouroboros -twin stroke of the end-,PST,4,4.5,0,575,-,-,0
ouroboros -twin stroke of the end-,PRS,7,7.5,0,832,-,-,0
ouroboros -twin stroke of the end-,FTR,10+,10.7,0,1369,-,-,0
Libertas,PST,3,3.5,0,476,-,-,0
Libertas,PRS,5,5.5,0,514,-,-,0
Libertas,FTR,9,9.2,0,947,-,-,0
Libertas,BYD,10,10.5,0,1048,-,-,0
Solitary Dream,PST,4,4.0,0,712,-,-,0
Solitary Dream,PRS,7,7.0,0,854,-,-,0
Solitary Dream,FTR,8+,8.8,0,972,-,-,0
Antithese,PST,2,2.0,0,845,-,-,0
Antithese,PRS,5,5.0,0,826,-,-,0
Antithese,FTR,8+,8.8,0,877,-,-,0
Antithese,BYD,9,9.6,0,968,-,-,0
Black Territory,PST,3,3.0,0,627,-,-,0
Black Territory,PRS,7,7.5,0,785,-,-,0
Black Territory,FTR,9+,9.8,0,1195,-,-,0
Corruption,PST,3,3.0,0,664,-,-,0
Corruption,PRS,6,6.5,0,847,-,-,0
Corruption,FTR,9+,9.8,0,1293,-,-,0
Vicious Heroism,PST,4,4.0,0,430,-,-,0
Vicious Heroism,PRS,7,7.5,0,756,-,-,0
Vicious Heroism,FTR,10,10.0,0,1150,-,-,0
Cyaegha,PST,5,5.5,0,760,-,-,0
Cyaegha,PRS,8,8.4,0,984,-,-,0
Cyaegha,FTR,10+,10.7,0,1368,-,-,0
Grimheart,PST,2,2.5,0,728,-,-,0
Grimheart,PRS,5,5.0,0,699,-,-,0
Grimheart,FTR,8+,8.7,0,959,-,-,0
ReviXy,PST,3,3.0,0,538,-,-,0
ReviXy,PRS,7,7.0,0,729,-,-,0
ReviXy,FTR,9,9.1,0,1047,-,-,0
Red and Blue and Green,BYD,10,10.2,0,1194,-,-,0
VECTOЯ,PST,3,3.0,0,675,-,-,0
VECTOЯ,PRS,7,7.0,0,1002,-,-,0
VECTOЯ,FTR,9,9.4,0,1299,-,-,0
SUPERNOVA,PST,3,3.0,0,664,-,-,0
SUPERNOVA,PRS,6,6.0,0,564,-,-,0
SUPERNOVA,FTR,9+,9.7,0,1123,-,-,0
Dot to Dot feat. shully,PST,3,3.0,0,453,-,-,0
Dot to Dot feat. shully,PRS,6,6.0,0,522,-,-,0
Dot to Dot feat. shully,FTR,8,8.3,0,739,-,-,0
Garakuta Doll Play,PST,4,4.5,0,444,-,-,0
Garakuta Doll Play,PRS,6,6.5,0,572,-,-,0
Garakuta Doll Play,FTR,10,10.4,0,1035,-,-,0
Ikazuchi,PST,3,3.5,0,656,-,-,0
Ikazuchi,PRS,7,7.5,0,976,-,-,0
Ikazuchi,FTR,10,10.3,0,1347,-,-,0
World Vanquisher,PST,2,2.5,0,529,-,-,0
World Vanquisher,PRS,5,5.5,0,759,-,-,0
World Vanquisher,FTR,10+,10.7,0,1452,-,-,0
Vindication,PST,4,4.0,0,721,-,-,0
Vindication,PRS,6,6.5,0,899,-,-,0
Vindication,FTR,9,9.6,0,1075,-,-,0
Heavensdoor,PST,4,4.5,0,766,-,-,0
Heavensdoor,PRS,7,7.5,0,869,-,-,0
Heavensdoor,FTR,9+,9.9,0,1101,-,-,0
Heavensdoor,BYD,10+,10.8,0,1534,-,-,0
Ringed Genesis,PST,5,5.5,0,672,-,-,0
Ringed Genesis,PRS,8,8.4,0,860,-,-,0
Ringed Genesis,FTR,10+,10.8,0,1146,-,-,0
Dreadnought,PST,4,4.0,0,715,-,-,0
Dreadnought,PRS,7,7.0,0,897,-,-,0
Dreadnought,FTR,9+,9.7,0,1099,-,-,0
Chelsea,PST,3,3.0,0,388,-,-,0
Chelsea,PRS,6,6.0,0,503,-,-,0
Chelsea,FTR,8+,8.9,0,650,-,-,0
AI[UE]OON,PST,3,3.5,0,436,-,-,0
AI[UE]OON,PRS,6,6.5,0,623,-,-,0
AI[UE]OON,FTR,9,9.4,0,989,-,-,0
A Wandering Melody of Love,PST,3,3.5,0,422,-,-,0
A Wandering Melody of Love,PRS,7,7.5,0,670,-,-,0
A Wandering Melody of Love,FTR,9,9.6,0,931,-,-,0
Tie me down gently,PST,3,3.0,0,581,-,-,0
Tie me down gently,PRS,5,5.5,0,535,-,-,0
Tie me down gently,FTR,8,8.3,0,724,-,-,0
Valhalla:0,PST,4,4.5,0,624,-,-,0
Valhalla:0,PRS,7,7.5,0,893,-,-,0
Valhalla:0,FTR,10,10.2,0,1173,-,-,0
Mirzam,PST,4,4.0,0,662,-,-,0
Mirzam,PRS,7,7.5,0,885,-,-,0
Mirzam,FTR,9+,9.9,0,1303,-,-,0
GLORY: ROAD,PST,4,4.5,0,868,-,-,0
GLORY: ROAD,PRS,7,7.0,0,999,-,-,0
GLORY: ROAD,FTR,10,10.5,0,1479,-,-,0
Diode,PST,2,2.5,0,452,-,-,0
Diode,PRS,5,5.5,0,472,-,-,0
Diode,FTR,8,8.1,0,709,-,-,0
FREEF4LL,PST,4,4.0,0,589,-,-,0
FREEF4LL,PRS,7,7.0,0,782,-,-,0
FREEF4LL,FTR,8,8.6,0,1023,-,-,0
FREEF4LL,BYD,9+,9.8,0,1336,-,-,0
Monochrome Princess,PST,4,4.5,0,621,-,-,0
Monochrome Princess,PRS,7+,7.8,0,756,-,-,0
Monochrome Princess,FTR,9+,9.7,0,974,-,-,0
Heavenly caress,PST,3,3.5,0,855,-,-,0
Heavenly caress,PRS,7,7.5,0,909,-,-,0
Heavenly caress,FTR,9+,9.8,0,1560,-,-,0
Senkyou,PST,3,3.0,0,627,-,-,0
Senkyou,PRS,5,5.5,0,722,-,-,0
Senkyou,FTR,8+,8.7,0,964,-,-,0
Filament,PST,4,4.5,0,582,-,-,0
Filament,PRS,7+,7.8,0,780,-,-,0
Filament,FTR,9+,9.7,0,991,-,-,0
Avant Raze,PST,3,3.5,0,580,-,-,0
Avant Raze,PRS,6,6.5,0,727,-,-,0
Avant Raze,FTR,9,9.6,0,1125,-,-,0
BATTLE NO.1,PST,3,3.5,0,476,-,-,0
BATTLE NO.1,PRS,6,6.5,0,677,-,-,0
BATTLE NO.1,FTR,9+,9.7,0,1042,-,-,0
La'qryma of the Wasteland,PST,3,3.5,0,447,-,-,0
La'qryma of the Wasteland,PRS,6,6.5,0,651,-,-,0
La'qryma of the Wasteland,FTR,9,9.1,0,956,-,-,0
La'qryma of the Wasteland,BYD,10,10.0,0,1161,-,-,0
Einherjar Joker,PST,4,4.0,0,582,-,-,0
Einherjar Joker,PRS,7,7.0,0,767,-,-,0
Einherjar Joker,FTR,9+,9.8,0,1159,-,-,0
Einherjar Joker,BYD,10+,10.9,0,1857,-,-,0
IZANA,PST,5,5.0,0,609,-,-,0
IZANA,PRS,8,8.3,0,836,-,-,0
IZANA,FTR,10,10.3,0,976,-,-,0
SAIKYO STRONGER,PST,5,5.5,0,654,-,-,0
SAIKYO STRONGER,PRS,9,9.4,0,1067,-,-,0
SAIKYO STRONGER,FTR,11,11.0,0,1384,-,-,0
world.execute(me);,PST,3,3.5,0,452,-,-,0
world.execute(me);,PRS,5,5.0,0,582,-,-,0
world.execute(me);,FTR,8,8.0,0,851,-,-,0
BLRINK,PST,3,3.5,0,400,-,-,0
BLRINK,PRS,7+,7.8,0,683,-,-,0
BLRINK,FTR,9+,9.7,0,1015,-,-,0
corps-sans-organes,PST,4,4.5,0,438,-,-,0
corps-sans-organes,PRS,7+,7.8,0,615,-,-,0
corps-sans-organes,FTR,10,10.6,0,1077,-,-,0
Oblivia,PST,3,3.5,0,574,-,-,0
Oblivia,PRS,5,5.0,0,517,-,-,0
Oblivia,FTR,8,8.3,0,956,-,-,0
Oblivia,BYD,9+,9.7,0,1021,-,-,0
amygdata,PST,4,4.0,0,504,-,-,0
amygdata,PRS,7,7.5,0,711,-,-,0
amygdata,FTR,9+,9.7,0,1199,-,-,0
Singularity VVVIP,BYD,10,10.4,0,1114,-,-,0
Equilibrium,PST,3,3.5,0,587,-,-,0
Equilibrium,PRS,6,6.5,0,724,-,-,0
Equilibrium,FTR,9,9.4,0,951,-,-,0
Antagonism,PST,4,4.5,0,431,-,-,0
Antagonism,PRS,7+,7.8,0,738,-,-,0
Antagonism,FTR,9+,9.9,0,1142,-,-,0
Lost Desire,PST,4,4.0,0,684,-,-,0
Lost Desire,PRS,7+,7.8,0,871,-,-,0
Lost Desire,FTR,9+,9.8,0,1154,-,-,0
Dantalion,PST,5,5.0,0,731,-,-,0
Dantalion,PRS,8,8.2,0,843,-,-,0
Dantalion,FTR,10+,10.8,0,1476,-,-,0
#1f1e33,PST,5,5.5,0,765,-,-,0
#1f1e33,PRS,9,9.2,0,1144,-,-,0
#1f1e33,FTR,11,11.1,0,1576,-,-,0
Tempestissimo,PST,7,7.0,0,919,-,-,0
Tempestissimo,PRS,9,9.5,0,1034,-,-,0
Tempestissimo,FTR,10+,10.7,0,1254,-,-,0
Tempestissimo,BYD,11,11.7,0,1540,-,-,0
Arcahv,PST,4,4.5,0,818,-,-,0
Arcahv,PRS,7+,7.8,0,884,-,-,0
Arcahv,FTR,9+,9.9,0,1065,-,-,0
1F√,PST,2,2.5,0,411,-,-,0
1F√,PRS,6,6.5,0,539,-,-,0
1F√,FTR,8,8.2,0,758,-,-,0
Gekka (Short Version),PST,4,4.0,0,559,-,-,0
Gekka (Short Version),PRS,6,6.5,0,628,-,-,0
Gekka (Short Version),FTR,8,8.6,0,817,-,-,0
Give Me a Nightmare,PST,3,3.5,0,676,-,-,0
Give Me a Nightmare,PRS,5,5.5,0,817,-,-,0
Give Me a Nightmare,FTR,8+,8.9,0,948,-,-,0
Vivid Theory,PST,2,2.0,0,447,-,-,0
Vivid Theory,PRS,5,5.0,0,658,-,-,0
Vivid Theory,FTR,8+,8.8,0,885,-,-,0
Black Lotus,PST,3,3.0,0,653,-,-,0
Black Lotus,PRS,6,6.5,0,687,-,-,0
Black Lotus,FTR,9+,9.7,0,965,-,-,0
Altale,PST,2,2.5,0,357,-,-,0
Altale,PRS,5,5.5,0,424,-,-,0
Altale,FTR,9+,9.8,0,690,-,-,0
Faint Light (Arcaea Edit),PST,3,3.0,0,587,-,-,0
Faint Light (Arcaea Edit),PRS,6,6.0,0,711,-,-,0
Faint Light (Arcaea Edit),FTR,9,9.1,0,809,-,-,0
Feels So Right feat. Renko,PST,3,3.5,0,594,-,-,0
Feels So Right feat. Renko,PRS,6,6.5,0,636,-,-,0
Feels So Right feat. Renko,FTR,9,9.3,0,947,-,-,0
Scarlet Cage,PST,4,4.0,0,570,-,-,0
Scarlet Cage,PRS,7,7.5,0,711,-,-,0
Scarlet Cage,FTR,9+,9.8,0,1195,-,-,0
Teriqma,PST,3,3.0,0,345,-,-,0
Teriqma,PRS,6,6.5,0,579,-,-,0
Teriqma,FTR,9,9.4,0,873,-,-,0
Teriqma,BYD,9+,9.7,0,954,-,-,0
MAHOROBA,PST,3,3.0,0,422,-,-,0
MAHOROBA,PRS,6,6.5,0,632,-,-,0
MAHOROBA,FTR,9,9.5,0,828,-,-,0
BADTEK,PST,4,4.0,0,532,-,-,0
BADTEK,PRS,7,7.0,0,595,-,-,0
BADTEK,FTR,9+,9.7,0,916,-,-,0
Malicious Mischance,PST,4,4.0,0,510,-,-,0
Malicious Mischance,PRS,7+,7.8,0,706,-,-,0
Malicious Mischance,FTR,10,10.2,0,1126,-,-,0
Got hive of Ra,PST,3,3.0,0,322,-,-,0
Got hive of Ra,PRS,6,6.5,0,509,-,-,0
Got hive of Ra,FTR,9+,9.8,0,794,-,-,0
BUCHiGiRE Berserker,PST,5,5.0,0,850,-,-,0
BUCHiGiRE Berserker,PRS,8,8.6,0,1046,-,-,0
BUCHiGiRE Berserker,FTR,10+,10.8,0,1412,-,-,0
CROSS†OVER,PST,4,4.0,0,653,-,-,0
CROSS†OVER,PRS,6,6.5,0,810,-,-,0
CROSS†OVER,FTR,9,9.4,0,1094,-,-,0
Galaxy Friends,PST,3,3.5,0,474,-,-,0
Galaxy Friends,PRS,6,6.0,0,572,-,-,0
Galaxy Friends,FTR,9+,9.9,0,1013,-,-,0
Lapis,PST,2,2.0,0,391,-,-,0
Lapis,PRS,6,6.0,0,520,-,-,0
Lapis,FTR,9,9.4,0,920,-,-,0
Xeraphinite,PST,3,3.0,0,383,-,-,0
Xeraphinite,PRS,7,7.5,0,643,-,-,0
Xeraphinite,FTR,9+,9.8,0,1048,-,-,0
Xanatos,PST,4,4.0,0,735,-,-,0
Xanatos,PRS,7,7.5,0,938,-,-,0
Xanatos,FTR,10,10.0,0,1232,-,-,0
Eccentric Tale,PST,2,2.0,0,313,-,-,0
Eccentric Tale,PRS,5,5.5,0,483,-,-,0
Eccentric Tale,FTR,8,8.4,0,732,-,-,0
Alice à la mode,PST,2,2.5,0,436,-,-,0
Alice à la mode,PRS,6,6.5,0,618,-,-,0
Alice à la mode,FTR,9,9.2,0,872,-,-,0
Alice's Suitcase,PST,3,3.5,0,644,-,-,0
Alice's Suitcase,PRS,6,6.0,0,660,-,-,0
Alice's Suitcase,FTR,9,9.1,0,999,-,-,0
Jump,PST,4,4.0,0,531,-,-,0
Jump,PRS,6,6.0,0,622,-,-,0
Jump,FTR,9,9.0,0,841,-,-,0
Felis,PST,4,4.0,0,463,-,-,0
Felis,PRS,7,7.5,0,624,-,-,0
Felis,FTR,10,10.4,0,1153,-,-,0
Purple Verse,PST,4,4.0,0,558,-,-,0
Purple Verse,PRS,7,7.5,0,664,-,-,0
Purple Verse,FTR,9,9.6,0,1023,-,-,0
Purple Verse,BYD,10,10.6,0,1202,-,-,0
Beside You,PST,2,2.5,0,526,-,-,0
Beside You,PRS,6,6.0,0,634,-,-,0
Beside You,FTR,8+,8.7,0,703,-,-,0
Heart Jackin',PST,3,3.0,0,506,-,-,0
Heart Jackin',PRS,5,5.5,0,543,-,-,0
Heart Jackin',FTR,9+,9.7,0,1112,-,-,0
To: Alice Liddell,PST,4,4.0,0,535,-,-,0
To: Alice Liddell,PRS,7,7.5,0,674,-,-,0
To: Alice Liddell,FTR,10,10.3,0,998,-,-,0
Lazy Addiction,PST,2,2.5,0,462,-,-,0
Lazy Addiction,PRS,6,6.0,0,647,-,-,0
Lazy Addiction,FTR,9,9.6,0,1031,-,-,0
Dazzle hop,PST,3,3.5,0,561,-,-,0
Dazzle hop,PRS,6,6.5,0,571,-,-,0
Dazzle hop,FTR,9+,9.7,0,1022,-,-,0
Viyella's Tears,PST,4,4.0,0,716,-,-,0
Viyella's Tears,PRS,7+,7.8,0,942,-,-,0
Viyella's Tears,FTR,10,10.3,0,1403,-,-,0
ω4,PST,3,3.5,0,816,-,-,0
ω4,PRS,7+,7.8,0,943,-,-,0
ω4,FTR,10+,10.8,0,1393,-,-,0
April showers,PST,2,2.0,0,363,-,-,0
April showers,PRS,5,5.5,0,544,-,-,0
April showers,FTR,8,8.6,0,697,-,-,0
7thSense,PST,3,3.0,0,360,-,-,0
7thSense,PRS,7+,7.8,0,739,-,-,0
7thSense,FTR,9+,9.9,0,925,-,-,0
Oshama Scramble!,PST,3,3.5,0,508,-,-,0
Oshama Scramble!,PRS,6,6.5,0,568,-,-,0
Oshama Scramble!,FTR,10,10.0,0,1073,-,-,0
AMAZING MIGHTYYYY!!!!,PST,4,4.5,0,624,-,-,0
AMAZING MIGHTYYYY!!!!,PRS,7+,7.8,0,776,-,-,0
AMAZING MIGHTYYYY!!!!,FTR,10+,10.7,0,1249,-,-,0
Climax,PST,4,4.5,0,773,-,-,0
Climax,PRS,7+,7.8,0,988,-,-,0
Climax,FTR,10,10.4,0,1367,-,-,0
Last Celebration,PST,3,3.5,0,969,-,-,0
Last Celebration,PRS,6,6.5,0,994,-,-,0
Last Celebration,FTR,10,10.4,0,1475,-,-,0
Misdeed -la bonté de Dieu et l'origine du mal-,PST,5,5.5,0,814,-,-,0
Misdeed -la bonté de Dieu et l'origine du mal-,PRS,8,8.5,0,1070,-,-,0
Misdeed -la bonté de Dieu et l'origine du mal-,FTR,10+,10.9,0,1522,-,-,0
AttraqtiA,PST,4,4.0,0,732,-,-,0
AttraqtiA,PRS,8,8.3,0,1002,-,-,0
AttraqtiA,FTR,10,10.6,0,1433,-,-,0
Glow,PST,4,4.0,0,504,-,-,0
Glow,PRS,7,7.5,0,666,-,-,0
Glow,FTR,9,9.3,0,916,-,-,0
enchanted love,PST,2,2.0,0,436,-,-,0
enchanted love,PRS,4,4.5,0,617,-,-,0
enchanted love,FTR,8,8.6,0,759,-,-,0
Bamboo,PST,3,3.0,0,499,-,-,0
Bamboo,PRS,6,6.5,0,631,-,-,0
Bamboo,FTR,10,10.0,0,1050,-,-,0
GIMME DA BLOOD,PST,3,3.5,0,582,-,-,0
GIMME DA BLOOD,PRS,7,7.5,0,737,-,-,0
GIMME DA BLOOD,FTR,10,10.5,0,1093,-,-,0
overdead.,BYD,10,10.5,0,1503,-,-,0
Life is PIANO,PST,3,3.5,0,398,-,-,0
Life is PIANO,PRS,6,6.0,0,437,-,-,0
Life is PIANO,FTR,9,9.1,0,674,-,-,0
Can I Friend You on Bassbook? Lol,PST,3,3.0,0,415,-,-,0
Can I Friend You on Bassbook? Lol,PRS,6,6.5,0,548,-,-,0
Can I Friend You on Bassbook? Lol,FTR,9,9.3,0,861,-,-,0
Paper Witch,PST,2,2.0,0,348,-,-,0
Paper Witch,PRS,5,5.0,0,487,-,-,0
Paper Witch,FTR,8+,8.7,0,793,-,-,0
Crystal Gravity,PST,3,3.5,0,571,-,-,0
Crystal Gravity,PRS,6,6.5,0,653,-,-,0
Crystal Gravity,FTR,9,9.4,0,872,-,-,0
Far Away Light,PST,4,4.5,0,656,-,-,0
Far Away Light,PRS,7+,7.8,0,769,-,-,0
Far Away Light,FTR,9+,9.8,0,1322,-,-,0
Löschen,PST,3,3.5,0,642,-,-,0
Löschen,PRS,7,7.0,0,850,-,-,0
Löschen,FTR,10,10.2,0,1235,-,-,0
Aegleseeker,PST,5,5.5,0,973,-,-,0
Aegleseeker,PRS,9,9.1,0,1235,-,-,0
Aegleseeker,FTR,11,11.2,0,1568,-,-,0
Coastal Highway,PST,3,3.0,0,355,-,-,0
Coastal Highway,PRS,6,6.0,0,479,-,-,0
Coastal Highway,FTR,9,9.1,0,732,-,-,0
ΟΔΥΣΣΕΙΑ,PST,4,4.0,0,717,-,-,0
ΟΔΥΣΣΕΙΑ,PRS,7+,7.8,0,909,-,-,0
ΟΔΥΣΣΕΙΑ,FTR,9,9.5,0,1092,-,-,0
Overwhelm,PST,5,5.0,0,854,-,-,0
Overwhelm,PRS,8,8.5,0,1038,-,-,0
Overwhelm,FTR,10,10.6,0,1251,-,-,0
Vandalism,PST,3,3.5,0,668,-,-,0
Vandalism,PRS,7,7.0,0,685,-,-,0
Vandalism,FTR,9+,9.7,0,1087,-,-,0
Turbocharger,PST,2,2.5,0,419,-,-,0
Turbocharger,PRS,6,6.0,0,659,-,-,0
Turbocharger,FTR,9,9.0,0,979,-,-,0
THE ULTIMACY,PST,3,3.0,0,749,-,-,0
THE ULTIMACY,PRS,7,7.0,0,919,-,-,0
THE ULTIMACY,FTR,9+,9.8,0,1304,-,-,0
REKKA RESONANCE,PST,5,5.0,0,860,-,-,0
REKKA RESONANCE,PRS,8+,8.9,0,1051,-,-,0
REKKA RESONANCE,FTR,10+,10.7,0,1212,-,-,0
Seclusion,PST,4,4.0,0,544,-,-,0
Seclusion,PRS,7,7.5,0,762,-,-,0
Seclusion,FTR,10,10.6,0,1132,-,-,0
Small Cloud Sugar Candy,PST,3,3.0,0,548,-,-,0
Small Cloud Sugar Candy,PRS,6,6.5,0,727,-,-,0
Small Cloud Sugar Candy,FTR,9,9.3,0,919,-,-,0
AlterAle,PST,3,3.0,0,728,-,-,0
AlterAle,PRS,6,6.0,0,881,-,-,0
AlterAle,FTR,9+,9.7,0,1277,-,-,0
Divine Light of Myriad,PST,4,4.5,0,798,-,-,0
Divine Light of Myriad,PRS,7+,7.8,0,835,-,-,0
Divine Light of Myriad,FTR,10+,10.8,0,1021,-,-,0
False Embellishment,PST,3,3.5,0,576,-,-,0
False Embellishment,PRS,6,6.5,0,684,-,-,0
False Embellishment,FTR,9,9.3,0,969,-,-,0
HIVEMIND,PST,4,4.0,0,995,-,-,0
HIVEMIND,PRS,8,8.6,0,988,-,-,0
HIVEMIND,FTR,10,10.0,0,1252,-,-,0
Quon (DJ Noriken),PST,2,2.5,0,425,-,-,0
Quon (DJ Noriken),PRS,6,6.0,0,496,-,-,0
Quon (DJ Noriken),FTR,8+,8.7,0,749,-,-,0
Quon (DJ Noriken),BYD,10,10.2,0,1044,-,-,0
Let you DIVE! (nitro rmx),PST,3,3.0,0,608,-,-,0
Let you DIVE! (nitro rmx),PRS,6,6.5,0,819,-,-,0
Let you DIVE! (nitro rmx),FTR,9,9.4,0,1049,-,-,0
with U,PST,2,2.5,0,448,-,-,0
with U,PRS,6,6.5,0,649,-,-,0
with U,FTR,9,9.4,0,932,-,-,0
Mazy Metroplex,PST,3,3.0,0,453,-,-,0
Mazy Metroplex,PRS,7+,7.8,0,704,-,-,0
Mazy Metroplex,FTR,9+,9.8,0,952,-,-,0
GENOCIDER,PST,4,4.5,0,832,-,-,0
GENOCIDER,PRS,8+,8.9,0,1025,-,-,0
GENOCIDER,FTR,10+,10.8,0,1483,-,-,0
Sheriruth (Laur Remix),PST,4,4.0,0,671,-,-,0
Sheriruth (Laur Remix),PRS,7+,7.8,0,795,-,-,0
Sheriruth (Laur Remix),FTR,10,10.7,0,1134,-,-,0
blue comet,PST,3,3.5,0,494,-,-,0
blue comet,PRS,5,5.0,0,645,-,-,0
blue comet,FTR,8,8.2,0,776,-,-,0
Evening in Scarlet,PST,4,4.0,0,530,-,-,0
Evening in Scarlet,PRS,7,7.0,0,638,-,-,0
Evening in Scarlet,FTR,9,9.5,0,922,-,-,0
ENERGY SYNERGY MATRIX,PST,3,3.5,0,471,-,-,0
ENERGY SYNERGY MATRIX,PRS,7,7.0,0,608,-,-,0
ENERGY SYNERGY MATRIX,FTR,9,9.6,0,922,-,-,0
G e n g a o z o,PST,4,4.0,0,580,-,-,0
G e n g a o z o,PRS,8,8.1,0,870,-,-,0
G e n g a o z o,FTR,10,10.1,0,1353,-,-,0
lastendconductor,PST,3,3.5,0,726,-,-,0
lastendconductor,PRS,7,7.5,0,901,-,-,0
lastendconductor,FTR,9,9.4,0,1209,-,-,0
lastendconductor,BYD,10,10.2,0,1339,-,-,0
goldenslaughterer,PST,4,4.0,0,864,-,-,0
goldenslaughterer,PRS,6,6.5,0,880,-,-,0
goldenslaughterer,FTR,9+,9.7,0,1326,-,-,0
Redolent Shape,PST,4,4.5,0,570,-,-,0
Redolent Shape,PRS,7,7.5,0,717,-,-,0
Redolent Shape,FTR,10,10.2,0,1088,-,-,0
Cosmica,PST,2,2.5,0,428,-,-,0
Cosmica,PRS,5,5.0,0,566,-,-,0
Cosmica,FTR,8+,8.8,0,773,-,-,0
Ascent,PST,3,3.0,0,455,-,-,0
Ascent,PRS,6,6.0,0,626,-,-,0
Ascent,FTR,9+,9.8,0,1023,-,-,0
Live Fast Die Young,PST,4,4.5,0,565,-,-,0
Live Fast Die Young,PRS,8,8.1,0,837,-,-,0
Live Fast Die Young,FTR,10,10.6,0,1292,-,-,0
Summer Fireworks of Love,PST,3,3.0,0,478,-,-,0
Summer Fireworks of Love,PRS,6,6.5,0,641,-,-,0
Summer Fireworks of Love,FTR,9+,9.9,0,1088,-,-,0
PRAGMATISM -RESURRECTION-,BYD,11,11.2,0,1502,-,-,0
First Snow,PST,2,2.5,0,366,-,-,0
First Snow,PRS,4,4.5,0,442,-,-,0
First Snow,FTR,7+,7.8,0,578,-,-,0
Blocked Library,PST,3,3.5,0,449,-,-,0
Blocked Library,PRS,6,6.5,0,622,-,-,0
Blocked Library,FTR,9,9.3,0,850,-,-,0
Blue Rose,PST,2,2.0,0,595,-,-,0
Blue Rose,PRS,6,6.0,0,669,-,-,0
Blue Rose,FTR,9,9.1,0,955,-,-,0
nέo κósmo,PST,4,4.0,0,603,-,-,0
nέo κósmo,PRS,7+,7.8,0,791,-,-,0
nέo κósmo,FTR,9+,9.7,0,979,-,-,0
Lightning Screw,PST,4,4.5,0,611,-,-,0
Lightning Screw,PRS,7+,7.8,0,811,-,-,0
Lightning Screw,FTR,10,10.5,0,1192,-,-,0
Lights of Muse,PST,2,2.5,0,333,-,-,0
Lights of Muse,PRS,6,6.0,0,438,-,-,0
Lights of Muse,FTR,8+,8.9,0,580,-,-,0
Final Step!,PST,3,3.5,0,625,-,-,0
Final Step!,PRS,6,6.5,0,684,-,-,0
Final Step!,FTR,9,9.4,0,1056,-,-,0
Haze of Autumn,PST,3,3.5,0,533,-,-,0
Haze of Autumn,PRS,7,7.0,0,733,-,-,0
Haze of Autumn,FTR,9+,9.8,0,1077,-,-,0
Medusa,PST,4,4.5,0,550,-,-,0
Medusa,PRS,7,7.0,0,645,-,-,0
Medusa,FTR,10,10.1,0,931,-,-,0
init(),PST,4,4.0,0,713,-,-,0
init(),PRS,7,7.5,0,957,-,-,0
init(),FTR,9+,9.8,0,1204,-,-,0
Ävril -Flicka i krans-,PST,3,3.0,0,459,-,-,0
Ävril -Flicka i krans-,PRS,6,6.0,0,607,-,-,0
Ävril -Flicka i krans-,FTR,8,8.3,0,851,-,-,0
NULCTRL,PST,3,3.0,0,407,-,-,0
NULCTRL,PRS,7,7.5,0,410,-,-,0
NULCTRL,FTR,9,9.5,0,715,-,-,0
Sakura Fubuki,PST,3,3.5,0,526,-,-,0
Sakura Fubuki,PRS,6,6.5,0,571,-,-,0
Sakura Fubuki,FTR,9,9.4,0,837,-,-,0
INTERNET OVERDOSE,PST,3,3.0,0,430,-,-,0
INTERNET OVERDOSE,PRS,6,6.5,0,578,-,-,0
INTERNET OVERDOSE,FTR,8,8.4,0,657,-,-,0
Macrocosmic Modulation,PST,4,4.0,0,608,-,-,0
Macrocosmic Modulation,PRS,7+,7.8,0,794,-,-,0
Macrocosmic Modulation,FTR,9+,9.8,0,1117,-,-,0
Kissing Lucifer,PST,4,4.5,0,639,-,-,0
Kissing Lucifer,PRS,7+,7.8,0,770,-,-,0
Kissing Lucifer,FTR,10,10.4,0,1183,-,-,0
NEO WINGS,PST,4,4.0,0,591,-,-,0
NEO WINGS,PRS,7,7.5,0,840,-,-,0
NEO WINGS,FTR,10,10.2,0,1328,-,-,0
DDD,PST,2,2.5,0,363,-,-,0
DDD,PRS,6,6.5,0,484,-,-,0
DDD,FTR,8,8.5,0,653,-,-,0
Head BONK ache,PST,4,4.0,0,570,-,-,0
Head BONK ache,PRS,7,7.0,0,725,-,-,0
Head BONK ache,FTR,9,9.4,0,1061,-,-,0
Aurgelmir,PST,4,4.5,0,540,-,-,0
Aurgelmir,PRS,8,8.5,0,765,-,-,0
Aurgelmir,FTR,10,10.5,0,1100,-,-,0
Prism,PST,2,2.0,0,476,-,-,0
Prism,PRS,5,5.0,0,544,-,-,0
Prism,FTR,8,8.0,0,785,-,-,0
Protoflicker,PST,3,3.0,0,510,-,-,0
Protoflicker,PRS,7,7.0,0,633,-,-,0
Protoflicker,FTR,9+,9.8,0,1042,-,-,0
Stasis,PST,4,4.5,0,848,-,-,0
Stasis,PRS,7,7.0,0,935,-,-,0
Stasis,FTR,10+,10.8,0,1521,-,-,0
Dancin' on a Cat's Paw,PST,3,3.0,0,417,-,-,0
Dancin' on a Cat's Paw,PRS,6,6.0,0,593,-,-,0
Dancin' on a Cat's Paw,FTR,9,9.2,0,891,-,-,0
PICO-Pico-Translation!,PST,2,2.0,0,543,-,-,0
PICO-Pico-Translation!,PRS,6,6.0,0,723,-,-,0
PICO-Pico-Translation!,FTR,9,9.4,0,1049,-,-,0
san skia,PST,3,3.5,0,670,-,-,0
san skia,PRS,6,6.0,0,783,-,-,0
san skia,FTR,8,8.3,0,1046,-,-,0
µ,PST,3,3.5,0,825,-,-,0
µ,PRS,7,7.5,0,986,-,-,0
µ,FTR,9+,9.7,0,1256,-,-,0
Defection,PST,3,3.5,0,588,-,-,0
Defection,PRS,6,6.5,0,800,-,-,0
Defection,FTR,9+,9.8,0,1141,-,-,0
"Infinite Strife,",PST,4,4.0,0,888,-,-,0
"Infinite Strife,",PRS,7,7.5,0,1081,-,-,0
"Infinite Strife,",FTR,9+,9.9,0,1511,-,-,0
"Infinite Strife,",BYD,10+,10.9,0,1633,-,-,0
World Ender,PST,4,4.0,0,616,-,-,0
World Ender,PRS,7+,7.8,0,850,-,-,0
World Ender,FTR,10,10.0,0,1225,-,-,0
World Ender,BYD,11,11.1,0,1661,-,-,0
Pentiment,PST,7,7.0,0,911,-,-,0
Pentiment,PRS,8+,8.7,0,1055,-,-,0
Pentiment,FTR,10,10.4,0,1345,-,-,0
Pentiment,BYD,11,11.5,0,1741,-,-,0
Arcana Eden,PST,5,5.5,0,1097,-,-,0
Arcana Eden,PRS,8+,8.7,0,1310,-,-,0
Arcana Eden,FTR,10,10.5,0,1792,-,-,0
Arcana Eden,BYD,11,11.6,0,2134,-,-,0
Testify,PST,7+,7.8,0,1001,-,-,0
Testify,PRS,9,9.4,0,1225,-,-,0
Testify,FTR,10+,10.9,0,1766,-,-,0
Testify,BYD,12,12.0,0,2221,-,-,0
Altair (feat. *spiLa*),PST,2,2.5,0,670,-,-,0
Altair (feat. *spiLa*),PRS,6,6.0,0,828,-,-,0
Altair (feat. *spiLa*),FTR,8,8.5,0,830,-,-,0
Redraw the Colorless World,PST,4,4.0,0,568,-,-,0
Redraw the Colorless World,PRS,6,6.5,0,680,-,-,0
Redraw the Colorless World,FTR,9,9.4,0,886,-,-,0
Trap Crow,PST,4,4.5,0,876,-,-,0
Trap Crow,PRS,7+,7.8,0,898,-,-,0
Trap Crow,FTR,9+,9.9,0,1074,-,-,0
PUPA,PST,4,4.0,0,374,-,-,0
PUPA,PRS,7+,7.8,0,684,-,-,0
PUPA,FTR,10,10.4,0,1099,-,-,0
Loveless Dress,PST,3,3.5,0,537,-,-,0
Loveless Dress,PRS,6,6.5,0,630,-,-,0
Loveless Dress,FTR,9+,9.7,0,850,-,-,0
Last,PST,4,4.0,0,680,-,-,0
Last,PRS,7,7.0,0,781,-,-,0
Last,FTR,9,9.0,0,831,-,-,0
Last | Moment,BYD,9,9.6,0,888,-,-,0
Last | Eternity,BYD,9+,9.7,0,790,-,-,0
Callima Karma,PST,3,3.5,0,1024,-,-,0
Callima Karma,PRS,7,7.5,0,989,-,-,0
Callima Karma,FTR,9+,9.8,0,1222,-,-,0
Heart,PST,1,1.0,0,428,-,-,0
Heart,PRS,5,5.0,0,575,-,-,0
Heart,FTR,9,9.6,0,872,-,-,0
Ai Drew,PST,3,3.5,0,694,-,-,0
Ai Drew,PRS,6,6.5,0,732,-,-,0
Ai Drew,FTR,9+,9.8,0,1066,-,-,0
FLUFFY FLASH,PST,3,3.5,0,787,-,-,0
FLUFFY FLASH,PRS,6,6.5,0,946,-,-,0
FLUFFY FLASH,FTR,9+,9.8,0,1329,-,-,0
"Good bye, Merry-Go-Round.",PST,4,4.5,0,679,-,-,0
"Good bye, Merry-Go-Round.",PRS,7,7.5,0,696,-,-,0
"Good bye, Merry-Go-Round.",FTR,10,10.6,0,1084,-,-,0
LAMIA,PST,5,5.0,0,826,-,-,0
LAMIA,PRS,8,8.5,0,885,-,-,0
LAMIA,FTR,11,11.0,0,1385,-,-,0
cocoro*cosmetic,PST,3,3.0,0,525,-,-,0
cocoro*cosmetic,PRS,7,7.0,0,687,-,-,0
cocoro*cosmetic,FTR,9,9.2,0,1025,-,-,0
Free Myself,PST,4,4.5,0,662,-,-,0
Free Myself,PRS,7,7.5,0,785,-,-,0
Free Myself,FTR,10,10.0,0,1132,-,-,0
Dialnote,PST,3,3.0,0,393,-,-,0
Dialnote,PRS,6,6.0,0,548,-,-,0
Dialnote,FTR,8+,8.8,0,684,-,-,0
Capella,PST,4,4.5,0,884,-,-,0
Capella,PRS,7+,7.8,0,904,-,-,0
Capella,FTR,10,10.2,0,1159,-,-,0
"Tsuki ni Murakumo, Hana ni Kaze",PST,3,3.0,0,468,-,-,0
"Tsuki ni Murakumo, Hana ni Kaze",PRS,6,6.0,0,610,-,-,0
"Tsuki ni Murakumo, Hana ni Kaze",FTR,8+,8.7,0,740,-,-,0
MANTIS (Arcaea Ultra-Bloodrush VIP),PST,3,3.0,0,575,-,-,0
MANTIS (Arcaea Ultra-Bloodrush VIP),PRS,7,7.0,0,760,-,-,0
MANTIS (Arcaea Ultra-Bloodrush VIP),FTR,9,9.4,0,1014,-,-,0
Astra walkthrough,PST,4,4.5,0,769,-,-,0
Astra walkthrough,PRS,7+,7.8,0,886,-,-,0
Astra walkthrough,FTR,9+,9.9,0,1191,-,-,0
World Fragments III(radio edit),PST,3,3.5,0,777,-,-,0
World Fragments III(radio edit),PRS,7,7.0,0,999,-,-,0
World Fragments III(radio edit),FTR,9+,9.8,0,1387,-,-,0
Chronicle,PST,5,5.0,0,928,-,-,0
Chronicle,PRS,8+,8.9,0,1077,-,-,0
Chronicle,FTR,10,10.5,0,1264,-,-,0
NULL APOPHENIA,PST,4,4.5,0,990,-,-,0
NULL APOPHENIA,PRS,8+,8.8,0,1098,-,-,0
NULL APOPHENIA,FTR,10+,10.7,0,1299,-,-,0
CYCLES,PST,2,2.0,0,389,-,-,0
CYCLES,PRS,5,5.0,0,430,-,-,0
CYCLES,FTR,8+,8.8,0,695,-,-,0
MAXRAGE,PST,3,3.5,0,696,-,-,0
MAXRAGE,PRS,6,6.5,0,760,-,-,0
MAXRAGE,FTR,9+,9.9,0,1184,-,-,0
[X],PST,4,4.5,0,594,-,-,0
[X],PRS,7+,7.8,0,782,-,-,0
[X],FTR,10,10.6,0,1190,-,-,0
TEmPTaTiON,PST,5,5.0,0,627,-,-,0
TEmPTaTiON,PRS,8,8.2,0,768,-,-,0
TEmPTaTiON,FTR,10+,10.9,0,1099,-,-,0
Let's Rock (Arcaea mix),PST,3,3.0,0,541,-,-,0
Let's Rock (Arcaea mix),PRS,7,7.0,0,963,-,-,0
Let's Rock (Arcaea mix),FTR,9+,9.7,0,1177,-,-,0
Crimson Throne,PST,4,4.0,0,727,-,-,0
Crimson Throne,PRS,8,8.0,0,1079,-,-,0
Crimson Throne,FTR,10,10.6,0,1313,-,-,0
"Hiiro Gekka, Kyoushou no Zetsu (nayuta 2017 ver.)",PST,3,3.5,0,719,-,-,0
"Hiiro Gekka, Kyoushou no Zetsu (nayuta 2017 ver.)",PRS,6,6.5,0,709,-,-,0
"Hiiro Gekka, Kyoushou no Zetsu (nayuta 2017 ver.)",FTR,10,10.3,0,1126,-,-,0
Manic Jeer,PST,4,4.0,0,698,-,-,0
Manic Jeer,PRS,7+,7.8,0,875,-,-,0
Manic Jeer,FTR,10,10.6,0,1286,-,-,0
PRIMITIVE LIGHTS,PST,5,5.5,0,785,-,-,0
PRIMITIVE LIGHTS,PRS,8+,8.8,0,1073,-,-,0
PRIMITIVE LIGHTS,FTR,10+,10.8,0,1524,-,-,0
Cosmo Pop Funclub,PST,2,2.5,0,352,-,-,0
Cosmo Pop Funclub,PRS,6,6.0,0,591,-,-,0
Cosmo Pop Funclub,FTR,8+,8.8,0,809,-,-,0
IMPACT,PST,3,3.5,0,723,-,-,0
IMPACT,PRS,7+,7.8,0,913,-,-,0
IMPACT,FTR,9,9.6,0,1231,-,-,0
IMPACT,BYD,10,10.4,0,1392,-,-,0
Genesis (Morrigan feat. Lily),PST,4,4.0,0,587,-,-,0
Genesis (Morrigan feat. Lily),PRS,7,7.0,0,838,-,-,0
Genesis (Morrigan feat. Lily),FTR,9+,9.8,0,867,-,-,0
Trrricksters!!,PST,4,4.5,0,561,-,-,0
Trrricksters!!,PRS,7,7.5,0,784,-,-,0
Trrricksters!!,FTR,10,10.1,0,1183,-,-,0
Spider's Thread,PST,4,4.5,0,794,-,-,0
Spider's Thread,PRS,7+,7.8,0,764,-,-,0
Spider's Thread,FTR,10+,10.8,0,1203,-,-,0
GIMMICK,PST,2,2.5,0,421,-,-,0
GIMMICK,PRS,6,6.5,0,598,-,-,0
GIMMICK,FTR,9,9.5,0,733,-,-,0
Lost Emotion feat. nomico,PST,3,3.5,0,602,-,-,0
Lost Emotion feat. nomico,PRS,7,7.0,0,780,-,-,0
Lost Emotion feat. nomico,FTR,9,9.3,0,1123,-,-,0
New York Back Raise,PST,4,4.5,0,762,-,-,0
New York Back Raise,PRS,7,7.0,0,803,-,-,0
New York Back Raise,FTR,9+,9.9,0,1091,-,-,0
The Survivor (Game Edit),PST,3,3.5,0,817,-,-,0
The Survivor (Game Edit),PRS,6,6.5,0,750,-,-,0
The Survivor (Game Edit),FTR,9+,9.9,0,1100,-,-,0
Lawless Point,PST,3,3.0,0,476,-,-,0
Lawless Point,PRS,6,6.0,0,630,-,-,0
Lawless Point,FTR,9,9.0,0,838,-,-,0
Hybris (The one who shattered),PST,4,4.5,0,757,-,-,0
Hybris (The one who shattered),PRS,7+,7.8,0,973,-,-,0
Hybris (The one who shattered),FTR,9+,9.8,0,1196,-,-,0
Galactic Love,PST,3,3.0,0,513,-,-,0
Galactic Love,PRS,6,6.5,0,694,-,-,0
Galactic Love,FTR,9,9.0,0,813,-,-,0
Lost in the Abyss,PST,3,3.5,0,907,-,-,0
Lost in the Abyss,PRS,6,6.5,0,908,-,-,0
Lost in the Abyss,FTR,9+,9.7,0,1179,-,-,0
To the Milky Way,PST,5,5.0,0,928,-,-,0
To the Milky Way,PRS,8+,8.9,0,1154,-,-,0
To the Milky Way,FTR,10,10.4,0,1392,-,-,0
Bullet Waiting for Me (James Landino remix),PST,2,2.5,0,325,-,-,0
Bullet Waiting for Me (James Landino remix),PRS,4,4.5,0,390,-,-,0
Bullet Waiting for Me (James Landino remix),FTR,8,8.1,0,701,-,-,0
Used to be,PST,4,4.0,0,537,-,-,0
Used to be,PRS,6,6.5,0,675,-,-,0
Used to be,FTR,9,9.2,0,799,-,-,0
Devillic Sphere,PST,4,4.0,0,490,-,-,0
Devillic Sphere,PRS,7+,7.8,0,692,-,-,0
Devillic Sphere,FTR,9+,9.9,0,1129,-,-,0
Lucid Traveler,PST,4,4.5,0,634,-,-,0
Lucid Traveler,PRS,8+,8.9,0,1006,-,-,0
Lucid Traveler,FTR,10,10.5,0,1341,-,-,0
CHAOS,PST,5,5.5,0,646,-,-,0
CHAOS,PRS,7,7.5,0,848,-,-,0
CHAOS,FTR,10+,10.9,0,1369,-,-,0
INTERNET YAMERO,PST,4,4.5,0,677,-,-,0
INTERNET YAMERO,PRS,7+,7.8,0,987,-,-,0
INTERNET YAMERO,FTR,10,9.9,0,1222,-,-,0
syūten,PST,2,2.0,0,395,-,-,0
syūten,PRS,5,5.0,0,446,-,-,0
syūten,FTR,8,8.5,0,592,-,-,0
DRG,PST,3,3.5,0,380,-,-,0
DRG,PRS,7,7.0,0,624,-,-,0
DRG,FTR,9,9.4,0,872,-,-,0
99 Glooms,PST,4,4.0,0,637,-,-,0
99 Glooms,PRS,7+,7.8,0,774,-,-,0
99 Glooms,FTR,10,10.3,0,1294,-,-,0
͟͝͞Ⅱ́̕,PST,5,5.0,0,690,-,-,0
͟͝͞Ⅱ́̕,PRS,8+,8.9,0,816,-,-,0
͟͝͞Ⅱ́̕,FTR,10+,10.8,0,1051,-,-,0
Magnolia,PST,4,4.5,0,625,-,-,0
Magnolia,PRS,7+,7.8,0,726,-,-,0
Magnolia,FTR,10,10.2,0,895,-,-,0
Ultimate taste,PST,3,3.5,0,828,-,-,0
Ultimate taste,PRS,6,6.5,0,1008,-,-,0
Ultimate taste,FTR,9+,9.9,0,1405,-,-,0
WAIT FOR DAWN,PST,2,2.5,0,596,-,-,0
WAIT FOR DAWN,PRS,7+,7.8,0,636,-,-,0
WAIT FOR DAWN,FTR,8+,8.7,0,861,-,-,0
Raven's Pride,PST,3,3.0,0,697,-,-,0
Raven's Pride,PRS,7,7.0,0,797,-,-,0
Raven's Pride,FTR,9,9.4,0,1030,-,-,0
Rise of the World,PST,4,4.5,0,722,-,-,0
Rise of the World,PRS,8,8.1,0,843,-,-,0
Rise of the World,FTR,10,10.5,0,1176,-,-,0
UNKNOWN LEVELS,PST,4,4.0,0,591,-,-,0
UNKNOWN LEVELS,PRS,8,8.1,0,771,-,-,0
UNKNOWN LEVELS,FTR,10,10.6,0,1149,-,-,0
Abstruse Dilemma,PST,5,5.5,0,983,-,-,0
Abstruse Dilemma,PRS,8+,8.9,0,1127,-,-,0
Abstruse Dilemma,FTR,11,11.3,0,1467,-,-,0
RGB,PST,4,4.0,0,652,-,-,0
RGB,PRS,7+,7.8,0,803,-,-,0
RGB,FTR,9+,9.8,0,1131,-,-,0
SACRIFICE feat. ayame,PST,3,3.5,0,548,-,-,0
SACRIFICE feat. ayame,PRS,7,7.5,0,779,-,-,0
SACRIFICE feat. ayame,FTR,9+,9.7,0,958,-,-,0
Kanjou no Matenrou ~Arr.Demetori,PST,3,3.5,0,736,-,-,0
Kanjou no Matenrou ~Arr.Demetori,PRS,6,6.5,0,929,-,-,0
Kanjou no Matenrou ~Arr.Demetori,FTR,9+,9.8,0,1294,-,-,0
To the Furthest Dream,PST,4,4.5,0,836,-,-,0
To the Furthest Dream,PRS,8,8.5,0,994,-,-,0
To the Furthest Dream,FTR,9+,9.8,0,1102,-,-,0
Primeval Texture,PST,3,3.0,0,387,-,-,0
Primeval Texture,PRS,7,7.5,0,525,-,-,0
Primeval Texture,FTR,9,9.0,0,810,-,-,0
Technicolour,PST,3,3.5,0,644,-,-,0
Technicolour,PRS,7,7.0,0,812,-,-,0
Technicolour,FTR,9+,9.8,0,1140,-,-,0
Ego Eimi,PST,5,5.5,0,801,-,-,0
Ego Eimi,PRS,8,8.6,0,937,-,-,0
Ego Eimi,FTR,10,10.5,0,1223,-,-,0
Logos,PST,4,4.0,0,697,-,-,0
Logos,PRS,7+,7.8,0,798,-,-,0
Logos,FTR,10,10.2,0,1040,-,-,0
Arghena,PST,7,7.5,0,883,-,-,0
Arghena,PRS,9,9.6,0,1082,-,-,0
Arghena,FTR,11,11.3,0,1444,-,-,0
Remind the Souls (Short Version),PST,3,3.5,0,561,-,-,0
Remind the Souls (Short Version),PRS,7,7.0,0,756,-,-,0
Remind the Souls (Short Version),FTR,9,9.6,0,945,-,-,0
Dynitikós,PST,4,4.0,0,683,-,-,0
Dynitikós,PRS,7,7.5,0,894,-,-,0
Dynitikós,FTR,9,9.5,0,986,-,-,0
Amekagura,PST,4,4.0,0,741,-,-,0
Amekagura,PRS,7,7.5,0,851,-,-,0
Amekagura,FTR,9+,9.9,0,1076,-,-,0
B.B.K.K.B.K.K.,PST,4,4.5,0,669,-,-,0
B.B.K.K.B.K.K.,PRS,7,7.0,0,708,-,-,0
B.B.K.K.B.K.K.,FTR,9+,9.7,0,976,-,-,0
Transient Space,PST,2,2.5,0,419,-,-,0
Transient Space,PRS,7,7.0,0,607,-,-,0
Transient Space,FTR,9,9.5,0,805,-,-,0
Nameless Passion,PST,3,3.0,0,681,-,-,0
Nameless Passion,PRS,7,7.0,0,890,-,-,0
Nameless Passion,FTR,9+,9.8,0,1223,-,-,0
TeraVolt,PST,5,5.0,0,675,-,-,0
TeraVolt,PRS,8+,8.9,0,804,-,-,0
TeraVolt,FTR,10+,10.8,0,1008,-,-,0
FANTA5Y,PST,3,3.0,0,536,-,-,0
FANTA5Y,PRS,7,7.0,0,715,-,-,0
FANTA5Y,FTR,9,9.4,0,965,-,-,0
Stratoliner,PST,3,3.5,0,535,-,-,0
Stratoliner,PRS,6,6.5,0,702,-,-,0
Stratoliner,FTR,9,9.6,0,877,-,-,0
Ouvertüre,PST,2,2.5,0,583,-,-,0
Ouvertüre,PRS,7,7.5,0,786,-,-,0
Ouvertüre,FTR,9+,9.8,0,913,-,-,0
eden,PST,4,4.5,0,826,-,-,0
eden,PRS,8,8.2,0,1194,-,-,0
eden,FTR,10,10.5,0,1365,-,-,0
XTREME,PST,4,4.5,0,752,-,-,0
XTREME,PRS,7+,7.8,0,831,-,-,0
XTREME,FTR,10,10.5,0,1258,-,-,0
Meta-Mysteria,PST,5,5.0,0,844,-,-,0
Meta-Mysteria,PRS,7+,7.8,0,905,-,-,0
Meta-Mysteria,FTR,10+,10.8,0,1309,-,-,0
Alone & Lorn,PST,3,3.0,0,643,-,-,0
Alone & Lorn,PRS,6,6.5,0,742,-,-,0
Alone & Lorn,FTR,9,9.6,0,970,-,-,0
Wish Upon a Snow,PST,4,4.5,0,1031,-,-,0
Wish Upon a Snow,PRS,7,7.5,0,1095,-,-,0
Wish Upon a Snow,FTR,10,10.5,0,1309,-,-,0
felys final remix,PST,3,3.0,0,626,-,-,0
felys final remix,PRS,6,6.5,0,771,-,-,0
felys final remix,FTR,9,9.5,0,1130,-,-,0
On And On!! feat. Jenga,PST,3,3.0,0,370,-,-,0
On And On!! feat. Jenga,PRS,7,7.0,0,616,-,-,0
On And On!! feat. Jenga,FTR,9,9.5,0,836,-,-,0
LIVHT MY WΔY,PST,4,4.5,0,673,-,-,0
LIVHT MY WΔY,PRS,7,7.5,0,738,-,-,0
LIVHT MY WΔY,FTR,9+,9.8,0,954,-,-,0
Kanbu de Tomatte Sugu Tokeru,PST,4,4.0,0,584,-,-,0
Kanbu de Tomatte Sugu Tokeru,PRS,7,7.5,0,714,-,-,0
Kanbu de Tomatte Sugu Tokeru,FTR,10,10.1,0,1108,-,-,0
Hotarubi no Yuki,PST,3,3.5,0,589,-,-,0
Hotarubi no Yuki,PRS,7,7.0,0,733,-,-,0
Hotarubi no Yuki,FTR,9+,9.7,0,991,-,-,0
Vicious [ANTi] Heroism,BYD,11,11.2,0,1772,-,-,0
The Formula,PST,3,3.0,0,427,-,-,0
The Formula,PRS,6,6.0,0,587,-,-,0
The Formula,FTR,9,9.3,0,957,-,-,0
Luna Rossa,PST,3,3.0,0,443,-,-,0
Luna Rossa,PRS,6,6.0,0,578,-,-,0
Luna Rossa,FTR,9+,9.7,0,920,-,-,0
Jingle,PST,2,2.5,0,530,-,-,0
Jingle,PRS,5,5.5,0,741,-,-,0
Jingle,FTR,7+,7.8,0,848,-,-,0
Jingle,ETR,9,9.5,0,1047,-,-,0
Aleph-0,PST,5,5.5,0,388,-,-,0
Aleph-0,PRS,8+,8.8,0,579,-,-,0
Aleph-0,FTR,10,10.5,0,919,-,-,0
Innocence,PST,3,3.0,0,734,-,-,0
Innocence,PRS,6,6.5,0,811,-,-,0
Innocence,FTR,8,8.5,0,1023,-,-,0
Innocence,ETR,9+,9.7,0,1157,-,-,0
IONOSTREAM,PST,3,3.5,0,845,-,-,0
IONOSTREAM,PRS,6,6.0,0,890,-,-,0
IONOSTREAM,FTR,8+,8.7,0,818,-,-,0
IONOSTREAM,ETR,9+,9.7,0,871,-,-,0
Masquerade Legion,PST,3,3.5,0,510,-,-,0
Masquerade Legion,PRS,6,6.5,0,698,-,-,0
Masquerade Legion,FTR,10,10.0,0,1064,-,-,0
Qovat,PST,4,4.5,0,519,-,-,0
Qovat,PRS,8,8.2,0,765,-,-,0
Qovat,FTR,10,10.4,0,1299,-,-,0
KYOREN ROMANCE,PST,4,4.0,0,821,-,-,0
KYOREN ROMANCE,PRS,7+,7.8,0,982,-,-,0
KYOREN ROMANCE,FTR,10+,10.7,0,1519,-,-,0
HELLOHELL,PST,2,2.5,0,466,-,-,0
HELLOHELL,PRS,5,5.0,0,445,-,-,0
HELLOHELL,FTR,7,7.5,0,673,-,-,0
HELLOHELL,ETR,9,9.3,0,770,-,-,0
MORNINGLOOM,PST,3,3.0,0,710,-,-,0
MORNINGLOOM,PRS,6,6.5,0,829,-,-,0
MORNINGLOOM,FTR,8+,8.8,0,940,-,-,0
MORNINGLOOM,ETR,9+,9.8,0,1035,-,-,0
〇、,PST,2,2.5,0,368,-,-,0
〇、,PRS,6,6.5,0,519,-,-,0
〇、,FTR,9,9.5,0,708,-,-,0
Awaken In Ruins,PST,3,3.5,0,412,-,-,0
Awaken In Ruins,PRS,7,7.5,0,570,-,-,0
Awaken In Ruins,FTR,9+,9.7,0,754,-,-,0
Lethal Voltage,PST,4,4.5,0,724,-,-,0
Lethal Voltage,PRS,7+,7.8,0,922,-,-,0
Lethal Voltage,FTR,10,10.4,0,1497,-,-,0
MIRINAE,PST,4,4.5,0,646,-,-,0
MIRINAE,PRS,8,8.3,0,881,-,-,0
MIRINAE,FTR,10,10.4,0,1277,-,-,0
ultradiaxon-N3,PST,4,4.5,0,605,-,-,0
ultradiaxon-N3,PRS,8,8.5,0,896,-,-,0
ultradiaxon-N3,FTR,10,10.3,0,1228,-,-,0
Leave All Behind,PST,2,2.0,0,380,-,-,0
Leave All Behind,PRS,5,5.5,0,488,-,-,0
Leave All Behind,FTR,9,9.2,0,828,-,-,0
Distorted Fate,PST,4,4.5,0,756,-,-,0
Distorted Fate,PRS,7+,7.8,0,890,-,-,0
Distorted Fate,FTR,9,9.6,0,1172,-,-,0
Distorted Fate,ETR,10+,10.8,0,1402,-,-,0
Floating World,PST,3,3.0,0,753,-,-,0
Floating World,PRS,7,7.0,0,793,-,-,0
Floating World,FTR,9,9.3,0,1047,-,-,0
Désive,PST,5,5.0,0,1007,-,-,0
Désive,PRS,8,8.0,0,1051,-,-,0
Désive,FTR,9+,9.9,0,1273,-,-,0
Désive,ETR,10+,10.8,0,1340,-,-,0
Chromafill,PST,4,4.0,0,757,-,-,0
Chromafill,PRS,7,7.0,0,890,-,-,0
Chromafill,FTR,10,10.0,0,1130,-,-,0
Hidden Rainbows of Epicurus,PST,2,2.5,0,595,-,-,0
Hidden Rainbows of Epicurus,PRS,5,5.5,0,644,-,-,0
Hidden Rainbows of Epicurus,FTR,7,7.5,0,783,-,-,0
Hidden Rainbows of Epicurus,ETR,8+,8.8,0,884,-,-,0
Old School Salvage,PST,4,4.0,0,705,-,-,0
Old School Salvage,PRS,7+,7.8,0,950,-,-,0
Old School Salvage,FTR,9+,9.8,0,1316,-,-,0
Twilight Concerto,PST,4,4.5,0,584,-,-,0
Twilight Concerto,PRS,7+,7.8,0,634,-,-,0
Twilight Concerto,FTR,9,9.5,0,803,-,-,0
Twilight Concerto,ETR,10,10.5,0,962,-,-,0
Beautiful Dreamer,PST,4,4.0,0,611,-,-,0
Beautiful Dreamer,PRS,7+,7.8,0,773,-,-,0
Beautiful Dreamer,FTR,9+,9.9,0,1139,-,-,0
Back to Basics,PST,5,5.0,0,717,-,-,0
Back to Basics,PRS,8+,8.7,0,1115,-,-,0
Back to Basics,FTR,10,10.6,0,1544,-,-,0
"Sign of ""10.5km""",PST,3,3.0,0,490,-,-,0
"Sign of ""10.5km""",PRS,6,6.5,0,564,-,-,0
"Sign of ""10.5km""",FTR,9,9.2,0,735,-,-,0
10pt8ion,PST,4,4.0,0,475,-,-,0
10pt8ion,PRS,7+,7.8,0,704,-,-,0
10pt8ion,FTR,9+,9.8,0,906,-,-,0
10pt8ion,ETR,10,10.5,0,1087,-,-,0
Black MInD,PST,5,5.0,0,601,-,-,0
Black MInD,PRS,8,8.0,0,754,-,-,0
Black MInD,FTR,10+,10.8,0,1274,-,-,0
STARGATE EXTREME,PST,4,4.0,0,337,-,-,0
STARGATE EXTREME,PRS,6,6.0,0,430,-,-,0
STARGATE EXTREME,FTR,9,9.3,0,724,-,-,0
STARGATE EXTREME,ETR,9+,9.9,0,915,-,-,0
HYPER VISION,PST,4,4.5,0,639,-,-,0
HYPER VISION,PRS,7,7.5,0,839,-,-,0
HYPER VISION,FTR,9+,9.8,0,1040,-,-,0
Hypnotize,PST,3,3.5,0,518,-,-,0
Hypnotize,PRS,7,7.0,0,761,-,-,0
Hypnotize,FTR,8+,8.9,0,993,-,-,0
Hypnotize,ETR,9+,9.9,0,1164,-,-,0
In Vain,PST,3,3.5,0,562,-,-,0
In Vain,PRS,6,6.5,0,677,-,-,0
In Vain,FTR,9,9.5,0,1111,-,-,0
Ashen 6oundary,PST,4,4.5,0,702,-,-,0
Ashen 6oundary,PRS,7+,7.8,0,813,-,-,0
Ashen 6oundary,FTR,9+,9.9,0,1183,-,-,0
Judgement,PST,5,5.5,0,844,-,-,0
Judgement,PRS,8,8.6,0,1055,-,-,0
Judgement,FTR,10,10.5,0,1432,-,-,0
ALTER EGO,PST,6,6.5,0,865,-,-,0
ALTER EGO,PRS,9,9.2,0,1213,-,-,0
ALTER EGO,FTR,10,10.5,0,1466,-,-,0
ALTER EGO,ETR,11,11.3,0,1644,-,-,0
Distortion Human,PST,3,3.0,0,544,-,-,0
Distortion Human,PRS,6,6.5,0,841,-,-,0
Distortion Human,FTR,9+,9.9,0,1317,-,-,0
shrink,PST,3,3.5,0,451,-,-,0
shrink,PRS,7,7.0,0,660,-,-,0
shrink,FTR,9+,9.8,0,929,-,-,0
Dual Doom Deathmatch,PST,3,3.5,0,838,-,-,0
Dual Doom Deathmatch,PRS,6,6.5,0,830,-,-,0
Dual Doom Deathmatch,FTR,8+,8.9,0,1094,-,-,0
Dual Doom Deathmatch,ETR,10,10.3,0,1292,-,-,0
Waltz for Lorelei,PST,2,2.5,0,664,-,-,0
Waltz for Lorelei,PRS,5,5.5,0,814,-,-,0
Waltz for Lorelei,FTR,8+,8.8,0,916,-,-,0
Waltz for Lorelei,ETR,9+,9.8,0,999,-,-,0
Inverted World,PST,3,3.0,0,525,-,-,0
Inverted World,PRS,7,7.0,0,646,-,-,0
Inverted World,FTR,9,9.5,0,940,-,-,0
Inverted World,ETR,10+,10.7,0,1065,-,-,0
MVURBD,PST,4,4.5,0,999,-,-,0
MVURBD,PRS,7+,7.8,0,1031,-,-,0
MVURBD,FTR,10,10.6,0,1497,-,-,0
Vulcānus,PST,5,5.5,0,968,-,-,0
Vulcānus,PRS,8,8.5,0,1234,-,-,0
Vulcānus,FTR,10+,10.9,0,1542,-,-,0
epitaxy,PST,3,3.0,0,826,-,-,0
epitaxy,PRS,6,6.0,0,939,-,-,0
epitaxy,FTR,8,8.6,0,1177,-,-,0
epitaxy,ETR,9,9.6,0,1410,-,-,0
Rain of Conflict in a Radiant Abyss,PST,5,5.0,0,831,-,-,0
Rain of Conflict in a Radiant Abyss,PRS,7+,7.8,0,934,-,-,0
Rain of Conflict in a Radiant Abyss,FTR,9,9.5,0,1174,-,-,0
Rain of Conflict in a Radiant Abyss,ETR,10,10.5,0,1247,-,-,0
Saint or Sinner,PST,3,3.0,0,447,-,-,0
Saint or Sinner,PRS,6,6.0,0,563,-,-,0
Saint or Sinner,FTR,8+,8.8,0,906,-,-,0
FURETE-MITAI,PST,2,2.5,0,447,-,-,0
FURETE-MITAI,PRS,6,6.0,0,523,-,-,0
FURETE-MITAI,FTR,8,8.4,0,763,-,-,0
FURETE-MITAI,ETR,9,9.4,0,841,-,-,0
Hailstone,PST,3,3.5,0,534,-,-,0
Hailstone,PRS,7,7.0,0,651,-,-,0
Hailstone,FTR,9+,9.7,0,1002,-,-,0
Gensou no Satellite,PST,2,2.5,0,721,-,-,0
Gensou no Satellite,PRS,6,6.5,0,783,-,-,0
Gensou no Satellite,FTR,8+,8.7,0,992,-,-,0
Gensou no Satellite,ETR,10,10.1,0,1139,-,-,0
Prayer,PST,2,2.5,0,419,-,-,0
Prayer,PRS,5,5.5,0,479,-,-,0
Prayer,FTR,8,8.2,0,591,-,-,0
Prayer,ETR,9,9.1,0,714,-,-,0
Crimson Quartz,PST,3,3.0,0,569,-,-,0
Crimson Quartz,PRS,6,6.0,0,615,-,-,0
Crimson Quartz,FTR,8+,8.8,0,861,-,-,0
Crimson Quartz,ETR,9+,9.8,0,1200,-,-,0
Dies irae,PST,4,4.5,0,632,-,-,0
Dies irae,PRS,7,7.5,0,802,-,-,0
Dies irae,FTR,9,9.5,0,1052,-,-,0
Dies irae,ETR,10,10.6,0,1263,-,-,0
Third Sun,PST,3,3.5,0,532,-,-,0
Third Sun,PRS,7,7.0,0,702,-,-,0
Third Sun,FTR,9,9.4,0,811,-,-,0
Third Sun,ETR,10,10.0,0,1043,-,-,0
Spirit of the Dauntless,PST,4,4.5,0,693,-,-,0
Spirit of the Dauntless,PRS,7+,7.8,0,957,-,-,0
Spirit of the Dauntless,FTR,10,10.5,0,1207,-,-,0
Renegade,PST,4,4.5,0,655,-,-,0
Renegade,PRS,7+,7.8,0,751,-,-,0
Renegade,FTR,9,9.6,0,994,-,-,0
Renegade,BYD,10,10.2,0,1165,-,-,0
Rays of Remnant,PST,4,4.5,0,710,-,-,0
Rays of Remnant,PRS,7,7.5,0,766,-,-,0
Rays of Remnant,FTR,9+,9.7,0,982,-,-,0
Rays of Remnant,BYD,10,10.4,0,1118,-,-,0
Swan Song,PST,3,3.0,0,563,-,-,0
Swan Song,PRS,7,7.5,0,719,-,-,0
Swan Song,FTR,9+,9.9,0,1225,-,-,0
Breach of Faith,PST,5,5.5,0,986,-,-,0
Breach of Faith,PRS,8,8.4,0,1171,-,-,0
Breach of Faith,FTR,10,10.3,0,1373,-,-,0
Breach of Faith,BYD,10+,10.9,0,1448,-,-,0
Lament Rain,PST,6,6.5,0,1025,-,-,0
Lament Rain,PRS,8+,8.8,0,1186,-,-,0
Lament Rain,FTR,10,10.6,0,1380,-,-,0
Lament Rain,BYD,11,11.4,0,1637,-,-,0
Designant.,PST,7,7.5,0,1055,-,-,0
Designant.,PRS,9,9.6,0,1426,-,-,0
Designant.,FTR,10+,10.9,0,1768,-,-,0
Designant.,BYD,11+,11.9,0,2184,-,-,0
Astral Quantization,PST,5,5.0,0,782,-,-,0
Astral Quantization,PRS,8,8.1,0,943,-,-,0
Astral Quantization,FTR,10,10.6,0,1388,-,-,0
LiftOff,PST,3,3.0,0,459,-,-,0
LiftOff,PRS,6,6.5,0,500,-,-,0
LiftOff,FTR,8,8.2,0,660,-,-,0
LiftOff,ETR,9+,9.8,0,988,-,-,0
Don't Fight The Music,PST,4,4.5,0,757,-,-,0
Don't Fight The Music,PRS,7+,7.8,0,962,-,-,0
Don't Fight The Music,FTR,9,9.3,0,1043,-,-,0
Don't Fight The Music,ETR,10+,10.7,0,1385,-,-,0
SUPER AMBULANCE,PST,4,4.5,0,740,-,-,0
SUPER AMBULANCE,PRS,7,7.5,0,971,-,-,0
SUPER AMBULANCE,FTR,10,10.3,0,1371,-,-,0
And Revive The Melody,PST,5,5.5,0,962,-,-,0
And Revive The Melody,PRS,8,8.5,0,1269,-,-,0
And Revive The Melody,FTR,10+,10.9,0,1710,-,-,0
astral.exe,PST,3,3.0,0,654,-,-,0
astral.exe,PRS,6,6.0,0,734,-,-,0
astral.exe,FTR,9,9.5,0,1059,-,-,0
BlazinG AIR,PST,3,3.5,0,433,-,-,0
BlazinG AIR,PRS,6,6.5,0,571,-,-,0
BlazinG AIR,FTR,8+,8.9,0,757,-,-,0
BlazinG AIR,ETR,10,10.1,0,1129,-,-,0
8-EM,PST,4,4.5,0,557,-,-,0
8-EM,PRS,7+,7.8,0,847,-,-,0
8-EM,FTR,9,9.5,0,1081,-,-,0
8-EM,ETR,10,10.3,0,1201,-,-,0
Ignition,PST,3,3.5,0,578,-,-,0
Ignition,PRS,6,6.0,0,621,-,-,0
Ignition,FTR,9+,9.8,0,994,-,-,0
DA'AT -The First Seeker of Souls-,PST,5,5.5,0,921,-,-,0
DA'AT -The First Seeker of Souls-,PRS,8,8.4,0,1091,-,-,0
DA'AT -The First Seeker of Souls-,FTR,10+,10.9,0,1500,-,-,0
BREaK! BREaK! BREaK!,PST,3,3.5,0,472,-,-,0
BREaK! BREaK! BREaK!,PRS,6,6.5,0,614,-,-,0
BREaK! BREaK! BREaK!,FTR,8+,8.8,0,894,-,-,0
BREaK! BREaK! BREaK!,ETR,10,10.3,0,1251,-,-,0
Straight into the lights,PST,4,4.0,0,583,-,-,0
Straight into the lights,PRS,7,7.5,0,714,-,-,0
Straight into the lights,FTR,9,9.5,0,1226,-,-,0
Straight into the lights,ETR,10,10.5,0,1280,-,-,0
ViRTUS,PST,5,5.5,0,877,-,-,0
ViRTUS,PRS,8,8.6,0,1000,-,-,0
ViRTUS,FTR,9+,9.9,0,1222,-,-,0
ViRTUS,ETR,10+,10.9,0,1341,-,-,0
yomibito_shirazu,PST,4,4.5,0,641,-,-,0
yomibito_shirazu,PRS,8,8.0,0,764,-,-,0
yomibito_shirazu,FTR,9+,9.8,0,1075,-,-,0
Aether Crest: Astral,PST,6,6.0,0,921,-,-,0
Aether Crest: Astral,PRS,8+,8.9,0,1147,-,-,0
Aether Crest: Astral,FTR,10,10.6,0,1508,-,-,0
Aether Crest: Astral,ETR,11,11.5,0,1941,-,-,0
Heartache,PST,1,1.5,0,425,-,-,0
Heartache,PRS,4,4.5,0,687,-,-,0
Heartache,FTR,7,7.5,0,803,-,-,0
Heartache,ETR,8+,8.7,0,851,-,-,0
Death by Glamour,PST,2,2.5,0,460,-,-,0
Death by Glamour,PRS,5,5.0,0,470,-,-,0
Death by Glamour,FTR,7+,7.8,0,610,-,-,0
Death by Glamour,ETR,9,9.4,0,912,-,-,0
Last Goodbye,PST,2,2.5,0,497,-,-,0
Last Goodbye,PRS,6,6.5,0,605,-,-,0
Last Goodbye,FTR,8,8.2,0,727,-,-,0
Last Goodbye,ETR,9+,9.7,0,911,-,-,0
Your Best Nightmare,PST,3,3.5,0,760,-,-,0
Your Best Nightmare,PRS,6,6.5,0,925,-,-,0
Your Best Nightmare,FTR,8+,8.9,0,1086,-,-,0
Your Best Nightmare,BYD,10,10.2,0,1451,-,-,0
MEGALOVANIA,PST,4,4.5,0,906,-,-,0
MEGALOVANIA,PRS,7,7.5,0,969,-,-,0
MEGALOVANIA,FTR,9,9.5,0,1064,-,-,0
MEGALOVANIA,ETR,10,10.5,0,1202,-,-,0
MEGALOVANIA (Camellia Remix),PST,5,5.5,0,946,-,-,0
MEGALOVANIA (Camellia Remix),PRS,8,8.4,0,1161,-,-,0
MEGALOVANIA (Camellia Remix),FTR,9+,9.8,0,1345,-,-,0
MEGALOVANIA (Camellia Remix),ETR,10+,10.9,0,1468,-,-,0
Placebo♥Battler,PST,5,5.5,0,597,-,-,0
Placebo♥Battler,PRS,8,8.3,0,827,-,-,0
Placebo♥Battler,FTR,10,10.4,0,1194,-,-,0
Black Mirror on the Wall,PST,3,3.5,0,471,-,-,0
Black Mirror on the Wall,PRS,6,6.5,0,613,-,-,0
Black Mirror on the Wall,FTR,8,8.6,0,735,-,-,0
Black Mirror on the Wall,ETR,9+,9.7,0,894,-,-,0
TRPNO,PST,4,4.5,0,451,-,-,0
TRPNO,PRS,7+,7.8,0,562,-,-,0
TRPNO,FTR,10,10.0,0,897,-,-,0
Shinchoku Doudesuka?,PST,3,3.5,0,595,-,-,0
Shinchoku Doudesuka?,PRS,7,7.5,0,743,-,-,0
Shinchoku Doudesuka?,FTR,8+,8.8,0,957,-,-,0
Shinchoku Doudesuka?,ETR,9+,9.9,0,1162,-,-,0
τ (tau),PST,4,4.5,0,553,-,-,0
τ (tau),PRS,7+,7.8,0,798,-,-,0
τ (tau),FTR,9+,9.7,0,1057,-,-,0
Dull Blade,PST,4,4.5,0,579,-,-,0
Dull Blade,PRS,8,8.0,0,780,-,-,0
Dull Blade,FTR,10,10.5,0,1199,-,-,0
Ladymade Star,PST,2,2.5,0,394,-,-,0
Ladymade Star,PRS,6,6.5,0,491,-,-,0
Ladymade Star,FTR,8,8.4,0,636,-,-,0
Ladymade Star,ETR,9,9.2,0,753,-,-,0
U.A.D,PST,3,3.5,0,366,-,-,0
U.A.D,PRS,6,6.5,0,526,-,-,0
U.A.D,FTR,8+,8.7,0,643,-,-,0
U.A.D,ETR,9+,9.8,0,836,-,-,0
End of The Moonlight,PST,3,3.0,0,340,-,-,0
End of The Moonlight,PRS,5,5.5,0,434,-,-,0
End of The Moonlight,FTR,9,9.5,0,738,-,-,0
OBLIVION,PST,4,4.0,0,469,-,-,0
OBLIVION,PRS,7,7.0,0,527,-,-,0
OBLIVION,FTR,9,9.5,0,759,-,-,0
OBLIVION,ETR,10,10.1,0,871,-,-,0
Nightmare,PST,4,4.5,0,680,-,-,0
Nightmare,PRS,7,7.8,0,757,-,-,0
Nightmare,FTR,9+,9.8,0,901,-,-,0
Nightmare,ETR,10+,10.8,0,1116,-,-,0
Won't Back Down,PST,3,3.5,0,437,-,-,0
Won't Back Down,PRS,6,6.5,0,551,-,-,0
Won't Back Down,FTR,9+,9.8,0,1015,-,-,0
Tic! Tac! Toe!,PST,3,3.5,0,353,-,-,0
Tic! Tac! Toe!,PRS,7,7.5,0,505,-,-,0
Tic! Tac! Toe!,FTR,8+,8.8,0,760,-,-,0
Tic! Tac! Toe!,ETR,9+,9.9,0,907,-,-,0
Don't Die,PST,3,3.5,0,460,-,-,0
Don't Die,PRS,7,7.0,0,565,-,-,0
Don't Die,FTR,9,9.4,0,793,-,-,0
Don't Die,ETR,10,10.1,0,1004,-,-,0
